Player Name,SG Putt,SG Arg,SG App,SG Ott,SG Total,Driving Acc,Driving Dist
"Scheffler, Scottie",-0.102,0.329,1.388,0.978,2.593,0.042,10.82
"Rahm, Jon",0.234,0.154,0.925,0.827,2.14,0.004,15.488
"McIlroy, Rory",0.2,0.131,0.657,1.128,2.117,-0.007,23.9
"Schauffele, Xander",0.42,0.241,0.837,0.497,1.995,0.016,7.982
"Hovland, Viktor",0.327,0.035,0.673,0.822,1.857,0.037,10.254
"Morikawa, Collin",0.141,0.15,0.913,0.61,1.814,0.084,0.299
"Niemann, Joaquin",0.18,0.115,0.656,0.847,1.797,-0.002,15.149
"Cantlay, Patrick",0.241,0.223,0.687,0.605,1.757,0.029,7.48
"Burns, Sam",0.556,0.059,0.383,0.646,1.645,-0.004,14.025
"Fleetwood, Tommy",0.251,0.236,0.573,0.439,1.499,0.054,3.552
"Aberg, Ludvig",0.264,0.082,0.502,0.643,1.491,-0.001,13.687
"Finau, Tony",-0.178,0.177,0.934,0.521,1.454,0.012,8.049
"Hatton, Tyrrell",0.275,0.215,0.639,0.307,1.435,0.0,5.708
"Young, Cameron",0.128,-0.025,0.579,0.738,1.42,-0.004,14.523
"Thomas, Justin",0.123,0.422,0.619,0.244,1.408,-0.033,9.362
"Homa, Max",0.328,0.166,0.468,0.446,1.408,0.023,6.75
"Spieth, Jordan",0.269,0.408,0.398,0.301,1.376,0.005,5.539
"Fitzpatrick, Matt",0.428,0.271,0.37,0.285,1.354,0.003,5.294
"Lee, Min Woo",0.348,0.311,0.117,0.547,1.323,-0.049,17.902
"An, Byeong Hun",0.046,0.248,0.416,0.611,1.321,-0.046,16.348
"Kim, Tom",0.258,0.08,0.578,0.402,1.318,0.072,-0.613
"Henley, Russell",0.205,0.269,0.483,0.282,1.239,0.093,-6.686
"Conners, Corey",-0.186,-0.06,0.684,0.718,1.156,0.072,2.756
"Poston, J.T.",0.5,0.177,0.354,0.061,1.092,0.019,-2.733
"Hossler, Beau",0.379,0.229,0.212,0.256,1.076,-0.0,2.919
"Im, Sungjae",0.314,0.232,0.22,0.301,1.066,0.03,0.444
"Scott, Adam",0.245,0.056,0.395,0.356,1.051,-0.021,9.012
"Zalatoris, Will",-0.027,0.004,0.584,0.476,1.037,-0.01,9.948
"Noren, Alex",0.382,0.254,0.328,0.071,1.036,0.016,-2.362
"Theegala, Sahith",0.503,0.208,0.224,0.098,1.033,-0.039,6.523
"Kim, Si Woo",-0.148,0.16,0.453,0.558,1.023,0.1,-3.839
"Cole, Eric",0.335,0.134,0.447,0.103,1.019,0.008,-0.675
"Mitchell, Keith",0.005,-0.048,0.315,0.74,1.012,0.018,11.509
"Day, Jason",0.211,0.326,0.243,0.228,1.008,-0.002,5.594
"Hadwin, Adam",0.367,0.116,0.23,0.293,1.007,0.054,-1.806
"Jaeger, Stephan",0.033,0.203,0.348,0.383,0.967,-0.013,8.538
"Hojgaard, Nicolai",0.238,-0.081,0.441,0.365,0.963,-0.056,15.158
"Lowry, Shane",0.094,0.125,0.437,0.305,0.961,0.045,1.431
"Pavon, Matthieu",0.468,0.025,0.316,0.15,0.959,0.003,1.747
"Meronk, Adrian",0.158,-0.102,0.299,0.594,0.95,0.008,9.486
"Hoge, Tom",0.238,-0.076,0.7,0.086,0.948,0.013,-2.353
"Hojgaard, Rasmus",0.601,0.004,0.084,0.247,0.936,-0.046,13.56
"Ghim, Doug",0.01,0.062,0.435,0.429,0.935,0.074,-1.822
"Matsuyama, Hideki",-0.036,0.309,0.533,0.114,0.92,0.004,1.851
"Rai, Aaron",-0.148,0.07,0.52,0.474,0.915,0.125,-6.927
"Kirk, Chris",0.003,0.132,0.494,0.284,0.913,0.027,-0.715
"Van Rooyen, Erik",0.177,-0.183,0.446,0.463,0.902,0.0,6.861
"English, Harris",0.439,0.221,0.088,0.141,0.89,0.039,0.002
"Bradley, Keegan",0.157,0.097,0.382,0.231,0.867,-0.003,6.183
"McCarthy, Denny",0.558,0.258,0.134,-0.089,0.861,0.027,-4.51
"Bezuidenhout, Christiaan",0.437,0.061,0.512,-0.167,0.843,0.021,-8.369
"Straka, Sepp",0.125,-0.102,0.432,0.372,0.828,0.058,1.547
"Clark, Wyndham",0.179,0.088,0.295,0.25,0.811,-0.047,14.09
"Eckroat, Austin",0.124,0.04,0.312,0.32,0.796,0.052,-0.214
"Grillo, Emiliano",0.303,-0.145,0.274,0.359,0.791,0.057,-1.549
"Kitayama, Kurt",-0.066,0.072,0.485,0.265,0.757,-0.044,10.121
"Rodgers, Patrick",0.097,0.135,0.181,0.341,0.754,-0.034,10.871
"List, Luke",-0.076,-0.062,0.511,0.379,0.752,-0.031,8.622
"Svensson, Adam",0.002,0.026,0.367,0.342,0.738,0.048,0.296
"Smith, Cameron",0.498,0.176,0.277,-0.228,0.722,-0.044,1.786
"Burmester, Dean",-0.126,0.122,0.095,0.591,0.681,-0.069,18.553
"Bhatia, Akshay",-0.085,-0.011,0.251,0.512,0.667,0.048,3.058
"Olesen, Thorbjorn",0.209,0.151,0.389,-0.104,0.645,-0.011,0.302
"Schenk, Adam",0.268,0.056,0.126,0.194,0.644,-0.007,5.793
"Thompson, Davis",0.124,0.095,0.23,0.166,0.616,-0.01,6.937
"Yu, Kevin",-0.329,-0.119,0.34,0.685,0.576,0.012,11.744
"Todd, Brendon",0.442,0.302,0.14,-0.32,0.563,0.092,-17.439
"Hisatsune, Ryo",0.196,0.203,0.066,0.099,0.563,0.028,-0.767
"McNealy, Maverick",0.501,0.206,-0.132,-0.013,0.562,-0.036,4.546
"Glover, Lucas",-0.278,0.015,0.588,0.226,0.551,0.088,-6.151
"Pereira, Mito",-0.23,-0.056,0.421,0.409,0.543,0.012,7.671
"Harman, Brian",0.387,0.221,-0.048,-0.02,0.54,0.051,-5.509
"Putnam, Andrew",0.384,0.102,0.249,-0.2,0.535,0.069,-14.192
"Davis, Cameron",0.12,0.038,0.176,0.159,0.492,-0.026,7.967
"Sigg, Greyson",-0.014,0.047,0.352,0.103,0.488,0.034,-4.751
"Hubbard, Mark",0.197,0.104,0.264,-0.079,0.485,0.031,-5.361
"Griffin, Ben",0.424,0.221,0.034,-0.194,0.485,-0.03,-0.414
"Tringale, Cameron",0.07,0.067,0.197,0.123,0.457,0.016,0.219
"Taylor, Nick",0.261,0.092,0.315,-0.212,0.456,0.018,-6.069
"Horschel, Billy",0.356,0.024,-0.029,0.095,0.447,0.027,-1.513
"Fowler, Rickie",0.07,0.146,0.259,-0.035,0.44,-0.012,5.476
"Rose, Justin",0.201,0.092,0.195,-0.056,0.432,0.007,0.092
"Young, Carson",0.007,-0.228,0.309,0.334,0.422,0.066,-4.145
"Reed, Patrick",0.401,0.271,-0.026,-0.239,0.407,-0.003,-3.99
"Herbert, Lucas",0.361,0.036,-0.155,0.152,0.395,-0.038,6.787
"Norrman, Vincent",-0.271,-0.14,0.113,0.683,0.385,-0.006,13.968
"Munoz, Sebastian",-0.062,-0.027,0.185,0.279,0.374,0.056,0.322
"Lee, Kyounghoon",0.105,0.188,0.112,-0.035,0.37,-0.004,0.582
"Pendrith, Taylor",0.042,0.018,0.089,0.219,0.368,-0.048,11.235
"Lawrence, Thriston",0.057,-0.029,0.045,0.29,0.363,0.012,2.005
"Moore, Taylor",0.133,0.065,0.205,-0.044,0.358,-0.036,7.365
"Mckibbin, Tom",0.024,-0.16,-0.023,0.514,0.355,0.031,4.371
"Fox, Ryan",0.186,-0.002,0.095,0.073,0.353,-0.09,12.406
"Wallace, Matt",0.189,0.168,0.191,-0.218,0.33,-0.042,4.284
"Bjork, Alexander",0.386,0.005,0.326,-0.399,0.318,0.092,-18.704
"Ryder, Sam",0.118,0.031,0.384,-0.226,0.308,0.021,-8.91
"Perez, Victor",0.125,-0.142,0.287,0.035,0.306,-0.021,3.514
"Lombard, Zander",0.103,0.025,-0.011,0.169,0.286,-0.023,8.352
"Smalley, Alex",-0.334,-0.044,0.3,0.353,0.275,0.005,6.357
"Montgomery, Taylor",0.608,0.182,-0.08,-0.448,0.263,-0.071,0.679
"Smith, Jordan",-0.054,-0.073,0.129,0.256,0.258,0.025,2.315
"Lower, Justin",0.067,-0.085,0.272,0.003,0.258,0.01,-3.591
"Ferguson, Ewen",-0.168,-0.098,0.553,-0.033,0.255,0.067,-8.269
"Novak, Andrew",-0.059,0.105,0.201,0.003,0.251,-0.002,0.8
"Hadley, Chesson",0.288,-0.104,0.159,-0.093,0.25,-0.022,-0.428
"Bramlett, Joseph",-0.087,-0.019,0.163,0.183,0.24,-0.057,12.309
"Detry, Thomas",0.178,-0.05,-0.116,0.221,0.233,-0.02,8.575
"Gotterup, Chris",-0.002,-0.088,0.076,0.233,0.22,-0.09,19.08
"Valimaki, Sami",0.086,-0.229,0.169,0.186,0.213,0.009,3.851
"Spaun, J.J.",-0.272,0.117,0.328,0.022,0.196,0.033,-4.525
"Macintyre, Robert",-0.094,0.079,0.088,0.117,0.19,-0.044,7.73
"Lashley, Nate",0.024,0.066,0.094,-0.002,0.183,0.032,-4.426
"Paul, Yannik",-0.039,-0.144,0.457,-0.109,0.165,-0.005,1.449
"Hodges, Lee",0.019,-0.147,0.173,0.114,0.159,0.027,0.26
"Mansell, Richard",-0.283,0.047,0.0,0.378,0.143,-0.022,10.952
"Hardy, Nick",0.109,-0.155,-0.008,0.182,0.128,-0.028,7.784
"Soderberg, Sebastian",-0.276,0.011,0.424,-0.033,0.127,-0.011,-0.922
"Kuchar, Matt",-0.011,0.246,0.013,-0.134,0.115,0.028,-8.475
"Kim, Seonghyeon",0.17,0.261,-0.305,-0.015,0.111,-0.033,6.306
"Kim, Michael",0.13,0.048,0.139,-0.211,0.106,-0.032,1.602
"Stevens, Samuel",-0.155,0.069,-0.028,0.2,0.086,-0.039,9.881
"Wu, Brandon",-0.017,-0.038,0.102,0.035,0.082,0.014,-1.546
"Du Plessis, Hennie",-0.307,-0.184,0.226,0.34,0.075,-0.013,9.207
"Duncan, Tyler",-0.135,-0.113,-0.071,0.391,0.071,0.076,-3.065
"Syme, Connor",-0.058,-0.141,0.143,0.117,0.062,0.002,0.187
"Woodland, Gary",-0.314,-0.176,0.299,0.238,0.047,-0.029,11.883
"Suh, Justin",0.283,-0.28,-0.164,0.208,0.047,0.011,2.073
"Rozner, Antoine",0.064,-0.032,0.203,-0.199,0.036,-0.049,4.432
"Pan, C.T.",0.109,0.106,-0.025,-0.166,0.024,0.029,-4.021
"LaCroix, Frederic",-0.036,-0.172,-0.113,0.343,0.022,0.011,5.245
"NeSmith, Matthew",-0.14,-0.074,0.073,0.158,0.017,0.043,-3.271
"Power, Seamus",-0.057,0.108,-0.083,0.045,0.013,0.002,1.858
"Hughes, Mackenzie",0.282,0.336,-0.253,-0.353,0.012,-0.048,-0.837
"Steele, Brendan",-0.47,-0.176,0.292,0.354,0.001,0.017,5.876
"Ramey, Chad",0.349,0.116,-0.313,-0.165,-0.012,0.014,-6.258
"Fitzpatrick, Alex",0.134,0.055,-0.08,-0.135,-0.025,-0.017,-1.206
"Hoshino, Rikuya",0.239,0.041,-0.148,-0.158,-0.027,-0.006,-2.064
"Dahmen, Joel",-0.4,-0.001,0.151,0.221,-0.029,0.064,-4.488
"Johnson, Zach",0.056,0.075,-0.125,-0.034,-0.029,0.064,-10.73
"Varner III, Harold",-0.092,0.123,-0.005,-0.055,-0.029,-0.027,5.426
"Wu, Dylan",0.129,-0.014,-0.071,-0.085,-0.041,0.014,-3.11
"Shelton, Robby",0.027,0.116,0.027,-0.212,-0.041,0.005,-4.903
"Higgo, Garrick",0.285,-0.13,-0.325,0.115,-0.054,-0.041,11.078
"Canter, Laurie",-0.269,-0.201,0.077,0.332,-0.062,0.02,2.316
"Stallings, Scott",-0.1,0.096,0.105,-0.175,-0.074,-0.038,2.346
"Hall, Harry",0.265,0.146,-0.092,-0.395,-0.075,-0.058,-0.655
"Baddeley, Aaron",0.436,0.363,-0.16,-0.728,-0.089,-0.021,-13.726
"Champ, Cameron",-0.141,-0.254,-0.294,0.596,-0.093,-0.019,17.237
"Laird, Martin",-0.053,0.106,-0.031,-0.127,-0.105,0.059,-8.43
"Echavarria, Nicolas",0.04,-0.044,-0.06,-0.042,-0.106,0.007,-2.402
"Whaley, Vince",-0.003,0.025,-0.178,0.033,-0.123,-0.053,7.241
"Blair, Zac",0.021,0.128,-0.009,-0.269,-0.129,0.095,-19.09
"Jordan, Matthew",-0.067,0.123,-0.158,-0.041,-0.143,-0.032,4.74
"Hoffman, Charley",-0.178,-0.029,0.083,-0.033,-0.157,-0.037,3.736
"Merritt, Troy",-0.172,0.139,-0.078,-0.057,-0.167,0.053,-7.965
"Malnati, Peter",0.3,0.202,-0.176,-0.502,-0.176,-0.057,-3.508
"Campillo, Jorge",0.247,0.119,-0.139,-0.417,-0.19,-0.026,-3.118
"Bennett, Sam",-0.053,-0.122,-0.18,0.149,-0.205,0.027,-2.811
"Martin, Ben",-0.048,-0.146,-0.002,-0.011,-0.207,0.016,-4.278
"Vegas, Jhonattan",-0.497,-0.255,0.171,0.357,-0.226,-0.032,12.934
"Palmer, Ryan",-0.252,-0.088,-0.054,0.167,-0.226,0.023,-0.233
"Van Driel, Darius",-0.123,0.169,-0.077,-0.196,-0.227,0.036,-12.063
"Otaegui, Adrian",-0.08,0.057,-0.03,-0.187,-0.241,0.107,-16.849
"Norlander, Henrik",0.01,0.016,-0.011,-0.259,-0.244,0.012,-6.526
"Simpson, Webb",-0.091,0.007,-0.075,-0.086,-0.245,0.023,-3.135
"Guerrier, Julien",0.129,-0.175,-0.359,0.159,-0.246,-0.002,3.475
"Griffin, Lanto",-0.057,-0.127,-0.159,0.089,-0.255,-0.001,3.103
"Schmid, Matthias",-0.089,-0.306,-0.113,0.24,-0.268,-0.017,9.444
"Westmoreland, Kyle",-0.182,-0.009,-0.245,0.16,-0.275,-0.11,16.7
"Cockerill, Aaron",0.257,0.065,-0.338,-0.277,-0.292,0.008,-4.701
"Endycott, Harrison",-0.016,0.058,-0.134,-0.211,-0.304,0.016,-6.302
"De Jager, Louis",-0.036,-0.04,-0.337,0.106,-0.307,-0.057,8.212
"Langasque, Romain",0.058,0.094,-0.46,-0.003,-0.311,-0.031,4.602
"Smotherman, Austin",-0.067,-0.154,-0.086,-0.014,-0.321,0.01,0.36
"Yuan, Carl",-0.289,-0.133,-0.101,0.201,-0.322,-0.045,9.161
"Wiesberger, Bernd",-0.534,0.185,0.223,-0.2,-0.326,-0.006,-2.481
"Sullivan, Andy",0.008,-0.155,-0.074,-0.116,-0.336,0.034,-8.545
"Gordon, Will",-0.119,-0.255,-0.129,0.167,-0.337,-0.015,10.024
"Lipsky, David",-0.259,-0.067,0.128,-0.144,-0.341,0.039,-8.6
"Thompson, Michael",-0.032,-0.001,-0.206,-0.109,-0.348,0.07,-10.587
"Luiten, Joost",-0.289,-0.309,0.089,0.159,-0.349,0.038,-0.871
"Roy, Kevin",-0.361,-0.135,0.147,-0.001,-0.351,-0.019,3.15
"Streelman, Kevin",-0.268,0.042,-0.04,-0.097,-0.363,0.019,-3.611
"McGreevy, Max",-0.181,0.054,-0.114,-0.125,-0.366,0.009,-6.926
"Waring, Paul",-0.126,-0.224,-0.107,0.072,-0.384,0.005,0.313
"Bradbury, Dan",-0.584,-0.272,0.227,0.242,-0.387,0.01,4.862
"Molinari, Francesco",-0.249,-0.024,-0.042,-0.079,-0.394,0.037,-7.063
"Brown, Daniel",-0.191,-0.504,-0.01,0.308,-0.397,0.043,-2.773
"Nienaber, Wilco",-0.482,-0.234,-0.303,0.621,-0.398,-0.095,26.901
"Buckley, Hayden",-0.008,-0.237,-0.356,0.184,-0.417,0.049,0.252
"Barjon, Paul",-0.144,-0.368,-0.31,0.387,-0.436,-0.014,11.048
"Crocker, Sean",-0.281,-0.398,0.156,0.077,-0.446,-0.038,9.862
"Ramsay, Richie",-0.115,-0.029,-0.12,-0.186,-0.45,0.039,-8.829
"Kimsey, Nathan",0.062,-0.102,-0.423,0.01,-0.452,0.067,-7.496
"Green, Gavin",0.307,-0.19,-0.483,-0.089,-0.455,-0.065,7.584
"Trainer, Martin",0.111,0.061,-0.496,-0.136,-0.46,-0.053,4.432
"Pieters, Thomas",-0.092,-0.027,-0.213,-0.13,-0.461,-0.055,6.317
"Hahn, James",-0.097,-0.208,-0.247,0.087,-0.465,0.034,-3.857
"Schaper, Jayden",0.122,-0.187,-0.281,-0.124,-0.47,0.014,-4.579
"Moller, Niklas Norgaard",-0.292,-0.285,-0.32,0.425,-0.472,-0.072,20.044
"Riley, Davis",-0.048,-0.167,-0.203,-0.06,-0.479,-0.018,6.915
"Jamieson, Scott",0.176,0.095,-0.555,-0.196,-0.48,-0.019,-0.255
"Forrest, Grant",0.076,-0.09,-0.319,-0.155,-0.488,-0.077,8.044
"Del Rey, Alejandro",-0.03,-0.103,-0.427,0.068,-0.492,-0.117,19.391
"Murray, Grayson",-0.249,-0.119,-0.276,0.138,-0.506,-0.017,5.766
"Kizzire, Patton",-0.16,-0.099,-0.092,-0.159,-0.509,-0.017,0.396
"Redman, Doc",-0.099,-0.214,-0.16,-0.041,-0.514,0.036,-6.04
"Hillier, Daniel",-0.132,-0.538,-0.034,0.187,-0.517,-0.027,11.068
"Hill, Calum",0.086,-0.179,-0.391,-0.07,-0.555,-0.031,3.324
"Shinkwin, Callum",-0.218,-0.378,-0.187,0.224,-0.558,-0.033,7.974
"Hickok, Kramer",-0.126,-0.08,-0.245,-0.108,-0.559,0.031,-4.979
"Veerman, Johannes",0.015,-0.092,-0.165,-0.322,-0.565,-0.044,2.012
"Siem, Marcel",0.118,-0.171,-0.338,-0.178,-0.569,-0.02,0.092
"Scrivener, Jason",0.046,-0.193,-0.304,-0.119,-0.57,0.026,-5.877
"Moore, Ryan",-0.242,-0.142,-0.033,-0.161,-0.578,0.084,-13.946
"Tarren, Callum",-0.271,-0.117,-0.042,-0.15,-0.58,-0.092,10.382
"Goya, Estanislao",-0.112,-0.009,-0.431,-0.028,-0.58,-0.002,1.11
"Samooja, Kalle",0.02,-0.193,-0.277,-0.133,-0.583,-0.013,-0.663
"Elvira Mijares, Ignacio",0.005,0.148,-0.139,-0.625,-0.611,-0.034,-7.507
"Armitage, Marcus",-0.38,-0.064,0.135,-0.31,-0.619,-0.047,-2.153
"Larrazabal, Pablo",0.037,0.077,-0.092,-0.645,-0.623,-0.029,-8.13
"Tway, Kevin",-0.185,-0.059,-0.318,-0.065,-0.627,-0.062,6.885
"Mullinax, Trey",-0.286,-0.096,-0.083,-0.182,-0.647,-0.075,10.454
"Kieffer, Maximilian",0.065,-0.078,-0.506,-0.13,-0.649,0.031,-7.384
"Long, Adam",0.048,0.12,-0.438,-0.38,-0.65,0.058,-12.002
"Gerard, Ryan",-0.245,0.001,-0.103,-0.303,-0.65,-0.017,-3.883
"Daffue, MJ",-0.177,-0.299,-0.497,0.322,-0.652,-0.037,10.748
"Wise, Aaron",0.18,0.065,-0.622,-0.278,-0.655,-0.03,3.213
"Villegas, Camilo",-0.109,0.151,-0.096,-0.602,-0.655,-0.042,-9.138
"Winther, Jeff",0.511,-0.078,-0.304,-0.786,-0.658,-0.02,-10.873
"Huizing, Daan",0.102,-0.02,-0.312,-0.428,-0.659,0.013,-11.196
"Sloan, Roger",-0.064,-0.045,-0.243,-0.328,-0.679,0.004,-6.971
"Chappell, Kevin",-0.0,-0.094,-0.356,-0.23,-0.68,-0.052,2.412
"Migliozzi, Guido",0.002,-0.066,-0.309,-0.316,-0.689,-0.044,2.641
"Catlin, John",-0.466,-0.121,-0.152,0.043,-0.696,0.061,-6.984
"Saddier, Adrien",-0.011,-0.122,-0.343,-0.225,-0.7,-0.029,1.172
"Kuest, Peter",-0.022,-0.244,-0.59,0.154,-0.702,-0.054,15.893
"Ravetto, David",-0.243,-0.161,-0.586,0.287,-0.703,-0.009,7.61
"Donald, Luke",0.169,0.16,-0.127,-0.906,-0.703,-0.001,-17.097
"Alexander, Tyson",-0.136,-0.026,-0.164,-0.394,-0.719,-0.062,0.223
"Kraft, Kelly",0.029,-0.217,-0.241,-0.302,-0.732,0.056,-12.036
"Clements, Todd",-0.199,-0.151,-0.118,-0.267,-0.735,-0.006,-3.66
"Helligkilde, Marcus",-0.162,-0.054,-0.171,-0.349,-0.737,-0.056,1.341
"Kodaira, Satoshi",-0.282,-0.018,-0.233,-0.208,-0.741,0.082,-14.304
"Nunez, Augusto",-0.332,-0.062,-0.415,0.065,-0.744,-0.042,8.239
"Cink, Stewart",0.027,0.086,-0.387,-0.477,-0.751,-0.067,1.722
"Cone, Trevor",-0.332,-0.35,-0.318,0.244,-0.756,-0.057,12.215
"Reavie, Chez",-0.317,-0.092,0.1,-0.45,-0.759,0.049,-15.104
"Zanotti, Fabrizio",-0.667,0.018,-0.04,-0.071,-0.76,0.04,-4.287
"Broberg, Kristoffer",-0.61,-0.259,-0.092,0.194,-0.767,0.001,2.423
"Aiken, Thomas",0.009,-0.087,-0.229,-0.464,-0.771,0.063,-18.281
"Bachem, Nick",-0.07,0.009,-0.74,0.028,-0.773,-0.073,11.138
"Laporta, Francesco",-0.273,-0.061,-0.257,-0.184,-0.775,0.01,-7.65
"Brun, Julien",0.298,0.122,-0.285,-0.914,-0.779,-0.045,-10.632
"Southgate, Matthew",-0.364,-0.157,-0.31,0.043,-0.789,0.025,-1.436
"Harrington, Padraig",-0.239,0.046,-0.307,-0.29,-0.79,-0.018,-1.972
"Baldwin, Matthew",-0.208,-0.338,-0.132,-0.116,-0.794,0.022,-5.362
"Pepperell, Eddie",0.188,-0.026,-0.046,-0.91,-0.795,0.041,-21.04
"Ritchie, JC",-0.316,-0.13,-0.255,-0.1,-0.801,-0.009,-0.205
"Kawamura, Masahiro",-0.226,-0.069,-0.187,-0.329,-0.81,0.05,-12.612
"Dou, Zecheng",-0.267,-0.027,-0.261,-0.261,-0.816,-0.061,3.045
"Sharma, Shubhankar",0.103,-0.192,-0.164,-0.566,-0.819,0.021,-8.436
"Paratore, Renato",0.258,-0.019,-0.661,-0.399,-0.821,-0.033,-0.544
"Tarrio Ben, Santiago",-0.112,0.057,-0.121,-0.699,-0.875,0.028,-18.658
"Schneider, Marcel",-0.1,-0.102,-0.422,-0.251,-0.875,-0.005,-3.366
"Huh, John",-0.149,0.034,-0.355,-0.406,-0.876,0.02,-9.758
"Hidalgo, Angel",0.074,-0.146,-0.514,-0.296,-0.882,0.017,-10.046
"Wilson, Andrew",-0.154,-0.215,-0.389,-0.125,-0.884,-0.019,0.095
"Lebioda, Hank",-0.038,-0.128,-0.407,-0.313,-0.887,-0.013,-2.096
"Molinari, Edoardo",-0.672,0.012,0.032,-0.267,-0.895,0.038,-11.384
"Aphibarnrat, Kiradech",-0.116,-0.217,-0.373,-0.194,-0.9,-0.005,-3.065
"Schott, Frederik",-0.14,-0.33,-0.555,0.107,-0.919,-0.041,8.601
"Stone, Brandon",-0.224,-0.249,-0.554,0.093,-0.934,-0.037,6.719
"Werenski, Richy",0.093,-0.086,-0.681,-0.271,-0.945,-0.024,-0.497
"Frittelli, Dylan",-0.1,-0.02,-0.399,-0.435,-0.955,-0.101,6.121
"Garnett, Brice",-0.129,-0.013,-0.452,-0.371,-0.965,0.043,-11.936
"Cook, Austin",0.032,0.101,-0.479,-0.626,-0.972,0.038,-17.45
"Higa, Kazuki",-0.186,0.136,-0.545,-0.38,-0.975,0.039,-11.628
"Donaldson, Jamie",0.094,-0.099,-0.436,-0.544,-0.986,0.001,-10.623
"Law, David",-0.248,-0.005,-0.723,-0.01,-0.987,-0.031,3.736
"Bekker, Oliver",-0.347,-0.133,-0.383,-0.126,-0.99,-0.071,8.666
"Parry, John",-0.122,0.101,-0.566,-0.414,-1.001,0.001,-8.647
"Schwab, Matthias",-0.374,0.116,-0.386,-0.372,-1.016,-0.001,-5.021
"Korhonen, Mikko",-0.326,-0.134,-0.272,-0.289,-1.021,0.054,-9.142
"Byrd, Jonathan",-0.292,0.2,-0.361,-0.583,-1.036,-0.008,-9.994
"Lorenzo-Vera, Michael",-0.067,-0.215,-0.46,-0.313,-1.055,-0.024,-1.777
"McGirt, William",-0.077,0.038,-0.387,-0.632,-1.058,0.047,-17.848
"Knox, Russell",-0.309,-0.127,-0.051,-0.573,-1.06,0.025,-13.078
"Van Tonder, Daniel",-0.279,0.038,-0.52,-0.301,-1.062,0.012,-8.463
"Piercy, Scott",-0.227,-0.056,-0.515,-0.265,-1.063,0.022,-8.092
"Germishuys, Deon",0.056,-0.304,-0.564,-0.26,-1.071,-0.004,-5.55
"Sordet, Clement",-0.118,0.062,-0.513,-0.507,-1.076,-0.063,1.173
"Fisher, Ross",-0.824,-0.385,0.032,0.091,-1.086,-0.031,6.452
"Lewis, Tom",-0.406,-0.286,-0.214,-0.182,-1.088,-0.042,2.177
"Grant, Brent",-0.778,-0.38,-0.471,0.538,-1.091,0.0,11.824
"Johannessen, Kristian Krogh",0.042,-0.136,-0.81,-0.195,-1.099,-0.028,-1.799
"Fichardt, Darren",-0.245,-0.139,-0.437,-0.28,-1.101,0.047,-14.526
"Cabrera Bello, Rafa",-0.214,0.172,-0.77,-0.294,-1.106,0.016,-9.36
"Werbylo, Trevor",-0.24,-0.107,-0.605,-0.154,-1.106,-0.068,6.588
"Willett, Danny",0.062,0.06,-0.684,-0.545,-1.106,-0.026,-5.314
"Morrison, James",0.194,0.022,-0.622,-0.702,-1.108,0.046,-19.384
"Wu, Ashun",0.028,0.013,-0.438,-0.711,-1.109,-0.02,-10.623
"Bryan, Wesley",-0.176,0.116,-0.359,-0.7,-1.118,-0.077,-2.407
"Ko, Jeong Weon",-0.43,0.078,-0.551,-0.237,-1.14,-0.051,3.884
"Arnaus, Adri",0.168,-0.272,-0.448,-0.588,-1.14,-0.098,2.54
"Noh, Seung-Yul",-0.008,0.036,-0.479,-0.715,-1.167,-0.091,2.682
"Levy, Alexander",0.01,-0.165,-0.696,-0.323,-1.174,-0.009,-4.618
"Von Dellingshausen, Nicolai",-0.033,-0.193,-0.497,-0.452,-1.175,-0.059,1.723
"Dufner, Jason",-0.55,-0.055,-0.219,-0.359,-1.183,-0.008,-5.432
"Besseling, Wil",-0.236,-0.362,-0.631,0.044,-1.185,0.015,2.94
"Lindberg, Mikael",-0.224,-0.223,-0.79,0.05,-1.187,-0.037,9.736
"Pulkkanen, Tapio",-0.209,-0.018,-0.643,-0.327,-1.198,-0.071,6.251
"Armour, Ryan",-0.37,-0.137,-0.399,-0.312,-1.217,0.098,-17.422
"O'Hair, Sean",-0.259,-0.088,-0.574,-0.301,-1.222,0.01,-4.181
"Streb, Robert",-0.316,-0.067,-0.418,-0.429,-1.229,-0.029,-2.639
"Sciot-Siegrist, Robin",-0.021,-0.18,-0.507,-0.528,-1.237,-0.005,-6.855
"Gainey, Tommy",-0.197,-0.26,-0.383,-0.404,-1.245,0.014,-11.279
"Kinhult, Marcus",0.028,-0.118,-0.661,-0.499,-1.249,-0.001,-7.031
"Lee, Danny",-0.287,-0.286,-0.283,-0.402,-1.258,0.001,-5.634
"Walker, Jimmy",-0.215,-0.015,-0.509,-0.519,-1.258,-0.068,1.622
"Garcia-Heredia, Alfredo",-0.123,-0.294,-0.561,-0.289,-1.267,-0.037,-1.145
"Garcia Rodriguez, Sebastian",-0.068,-0.015,-0.762,-0.428,-1.274,-0.051,-2.054
"Strydom, Ockie",-0.227,-0.47,-0.529,-0.088,-1.313,-0.032,0.165
"Lemke, Niklas",-0.298,-0.032,-0.572,-0.427,-1.329,-0.077,5.823
"Whitnell, Dale",-0.22,-0.214,-0.406,-0.508,-1.348,-0.004,-8.19
"Percy, Cameron",-0.451,-0.121,-0.417,-0.362,-1.352,0.016,-9.669
"Antcliff, Maverick",-0.492,-0.14,-0.335,-0.385,-1.353,0.035,-12.12
"Higgs, Harry",-0.009,-0.146,-0.712,-0.501,-1.369,-0.054,-0.333
"Taylor, Ben",0.067,-0.031,-0.554,-0.873,-1.392,-0.103,0.076
"Lagergren, Joakim",0.188,-0.19,-0.975,-0.426,-1.404,-0.068,2.356
"Gouveia, Ricardo",-0.119,-0.238,-0.506,-0.55,-1.414,-0.029,-4.954
"Haas, Bill",-0.151,0.106,-0.861,-0.511,-1.416,-0.05,-1.674
"Forsstrom, Simon",-0.352,-0.246,-0.43,-0.392,-1.42,-0.016,-5.626
"Coetzee, George",0.13,-0.089,-0.699,-0.766,-1.424,-0.072,-1.472
"Howie, Craig",-0.254,-0.155,-0.787,-0.237,-1.433,0.006,-3.408
"Pavan, Andrea",0.043,0.108,-0.308,-1.306,-1.463,-0.08,-12.412
"Lingmerth, David",-0.04,-0.14,-0.632,-0.652,-1.464,0.069,-20.044
"Long, Hurly",0.024,-0.105,-0.884,-0.517,-1.482,-0.073,-1.292
"Harrington, Scott",-0.384,-0.158,-0.671,-0.27,-1.483,-0.061,6.772
"Li, Haotong",0.145,-0.506,-0.375,-0.754,-1.491,-0.121,5.875
"Kjeldsen, Soren",-0.159,-0.041,-0.142,-1.199,-1.541,0.048,-27.022
"Chesters, Ashley",-0.45,-0.28,-0.274,-0.539,-1.543,0.124,-27.482
"Nemecz, Lukas",-0.201,-0.258,-0.796,-0.291,-1.546,0.024,-7.649
"Gribble, Cody",-0.407,-0.171,-0.632,-0.361,-1.57,-0.027,0.323
"Farr, Oliver",-0.217,-0.195,-0.594,-0.571,-1.577,0.046,-15.921
"Bjorn, Thomas",-0.196,-0.028,-0.578,-0.792,-1.595,0.023,-20.3
"Stroud, Chris",-0.189,-0.144,-0.509,-0.754,-1.597,-0.013,-9.476
"Dantorp, Jens",-0.056,-0.153,-0.943,-0.458,-1.611,-0.019,-4.454
"Porteous, Garrick",-0.246,-0.505,-0.777,-0.087,-1.614,-0.015,2.79
"Gligic, Michael",-0.267,-0.322,-0.62,-0.425,-1.633,-0.081,3.279
"Snedeker, Brandt",-0.169,-0.036,-0.622,-0.82,-1.648,-0.005,-14.723
"Kofstad, Espen",-0.383,-0.239,-0.772,-0.286,-1.68,-0.013,-2.989
"Hend, Scott",-0.45,-0.222,-0.775,-0.249,-1.695,-0.053,3.67
"Simonsen, Martin",-0.465,-0.297,-0.324,-0.627,-1.713,-0.084,3.062
"Hanna, Chase",0.136,-0.134,-0.831,-0.897,-1.726,-0.093,-1.598
"Haley II, Paul",-0.321,-0.132,-0.659,-0.619,-1.731,0.041,-15.803
"Brown, Steven",-0.108,-0.254,-0.87,-0.501,-1.733,0.007,-9.474
"Colsaerts, Nicolas",-0.297,-0.315,-0.627,-0.497,-1.736,-0.075,3.178
"Walters, Justin",-0.387,-0.319,-0.773,-0.268,-1.747,-0.023,1.043
"Sterne, Richard",-0.406,-0.197,-0.805,-0.368,-1.776,-0.001,-6.326
"Knappe, Alexander",-0.099,-0.263,-1.189,-0.235,-1.786,-0.037,4.098
"Caldwell, Jonathan",0.053,-0.175,-0.851,-0.82,-1.793,0.015,-17.11
"Santos, Ricardo",-0.379,-0.047,-0.525,-0.85,-1.801,-0.043,-9.218
"Brehm, Ryan",-0.031,-0.267,-0.832,-0.69,-1.82,-0.133,6.879
"Wilson, Oliver",0.059,-0.062,-1.145,-0.684,-1.832,-0.079,-2.591
"Senior, Jack",-0.049,-0.182,-0.987,-0.634,-1.852,-0.008,-7.383
"Figueiredo, Pedro",0.094,-0.177,-0.644,-1.13,-1.857,0.007,-24.508
"Easton, Bryce",-0.303,-0.146,-0.823,-0.585,-1.858,0.014,-9.361
"Wang, Jeunghun",-0.124,-0.141,-0.839,-0.753,-1.859,-0.033,-8.085
"Kisner, Kevin",-0.012,0.021,-0.86,-1.07,-1.92,-0.021,-13.157
"Roussel, Robin",-0.181,-0.188,-0.873,-0.699,-1.941,0.012,-13.665
"Landry, Andrew",-0.112,-0.293,-0.944,-0.624,-1.973,0.028,-13.28
"Stuard, Brian",-0.048,-0.01,-0.739,-1.217,-2.015,0.04,-27.017
"Gandas, Manu",-0.151,-0.21,-0.938,-0.733,-2.032,-0.014,-11.932
"Herman, Jim",-0.556,-0.332,-0.776,-0.373,-2.037,0.052,-12.053
"Leon, Hugo",-0.286,-0.046,-0.961,-0.753,-2.046,-0.068,-3.48
"Horsey, David",-0.187,-0.09,-0.986,-0.786,-2.049,0.053,-21.043
"Warren, Marc",0.005,-0.418,-1.039,-0.616,-2.068,-0.035,-4.552
"Axelsen, John",-0.344,-0.236,-0.973,-0.579,-2.132,-0.024,-3.852
"Drysdale, David",-0.332,-0.162,-1.0,-0.638,-2.133,0.089,-23.541
"Janewattananond, Jazz",0.029,-0.114,-0.963,-1.088,-2.136,-0.014,-15.085
"Gallacher, Stephen",-0.301,-0.236,-0.905,-0.726,-2.169,-0.058,-4.752
"Gagli, Lorenzo",-0.05,-0.089,-0.881,-1.212,-2.232,0.003,-22.449
"Sabbatini, Rory",-0.203,0.008,-1.074,-0.965,-2.234,-0.025,-13.757
"Kang, Sung",-0.124,-0.189,-0.751,-1.196,-2.26,-0.061,-11.746
"Matthews, Brandon",-0.763,-0.565,-0.672,-0.284,-2.285,-0.135,19.464
"Bring, Christoffer",-0.292,-0.392,-1.12,-0.528,-2.332,-0.068,2.31
"McGowan, Ross",-0.238,-0.139,-1.023,-0.953,-2.353,-0.013,-14.203
"Hundeboll, Oliver",-0.271,-0.396,-1.121,-0.631,-2.42,-0.083,1.934
"Karlberg, Rikard",-0.337,-0.15,-0.981,-0.975,-2.444,-0.061,-5.586
"Bjerregaard, Lucas",-0.235,-0.181,-1.04,-1.034,-2.49,-0.111,1.586
"Stalter, Joel",-0.204,0.042,-1.082,-1.361,-2.605,-0.049,-16.217
"Angles, Pep",-0.166,-0.162,-1.221,-1.067,-2.617,-0.107,0.905
"Blixt, Jonas",-0.131,-0.1,-1.435,-0.977,-2.643,-0.058,-6.875
"Wiebe, Gunner",-0.494,-0.285,-1.111,-0.777,-2.667,-0.042,-6.111
"Pigem, Carlos",-0.291,-0.389,-1.19,-0.816,-2.685,-0.066,-3.724
"Freiburghaus, Jeremy",-0.244,-0.335,-1.421,-0.729,-2.729,-0.114,4.581
"Lee, Joshua",-0.487,-0.284,-1.305,-0.66,-2.736,-0.066,1.744
"Watney, Nick",-0.327,-0.222,-0.824,-1.364,-2.737,-0.114,-5.708
"Fdez-Castano, Gonzalo",-0.28,-0.073,-1.128,-1.282,-2.763,-0.057,-12.514
"McEvoy, Richard",-0.475,-0.09,-1.094,-1.184,-2.843,0.05,-26.945
"Murphy, John",-0.325,-0.427,-1.147,-0.948,-2.847,-0.086,-2.243
"Canizares, Alejandro",-0.186,-0.238,-0.929,-1.539,-2.891,-0.036,-20.296
"Porteous, Haydn",-0.356,-0.08,-1.371,-1.198,-3.005,-0.103,-3.464
"Quiros, Alvaro",-0.517,-0.337,-1.349,-0.997,-3.2,-0.09,-0.117
"Singh Brar, Jack",-0.159,-0.626,-1.508,-1.141,-3.435,-0.035,-11.126
"Gavins, Daniel",-0.102,-0.058,-1.586,-1.921,-3.667,-0.141,-7.536
"Howell, David",-0.144,-0.171,-1.672,-1.891,-3.877,-0.042,-26.41
"Wood, Chris",-0.118,-0.26,-1.298,-2.436,-4.112,-0.093,-23.21
"Hansen, Joachim B",-0.416,-0.771,-2.075,-1.724,-4.987,-0.1,-7.426
