Event Name,Event ID
540,Mexico Open at Vidanta
Magical Kenya Open,2024110
NMB Championship,2024303
International Series Oman,10294
10289,Dream Valley Group presents Vooty Masters
624,Trophy Hassan II
Golf Mad Open,10287
10292,GolfStar Winter Series - Forest
10288,Ein Bay Open
GolfStar Winter Series - Links,10286
7,The Genesis Invitational
"Webex Players Series Hunter Valley, Hosted by Jan Stephenson & Peter O'Malley",10285
IRS Prima Malaysian Open,10284
10283,Singha E-San Open
Dimension Data Pro-Am,2024302
552,Chubb Classic
10280,Tata Steel PGTI Players Championship 2024 presented by Tollygunge Club
2024301,Bain's Whisky Cape Town Open
WM Phoenix Open,3
2024147,Commercial Bank Qatar Masters
Webex Players Series Sydney Hosted by Braith Anasta,10279
104,Astara Golf Championship presented by Mastercard
Las Vegas,25
Vic Open,10274
2024300,SDC Open
24,Mayakoba
5,AT&T Pebble Beach Pro-Am
The Panama Championship,84
2024109,Bahrain Championship presented by Bapco Energies
Red Sea Egyptian Classic,10273
10266,10th Boonchu Ruangkit Championship
10267,Webex Players Series Hosted by Geoff Ogilvy
Mediclinic Invitational,10268
Ras Al Khaimah Championship,2024108
Farmers Insurance Open,4
Red Sea Ain Sokhna Open,10262
125,The Bahamas Great Abaco Classic at The Abaco Club
10261,Webex Players Series Murray River in honour of Jarrod Lyle
2024107,Hero Dubai Desert Classic
The American Express,2
El Salvador Open Championship,10257
524,Mitsubishi Electric Championship at Hualalai
10256,Altron Big Easy Tour 9
The Bahamas Great Exuma Classic at Sandals Emerald Bay,124
6,Sony Open in Hawaii
2024106,Dubai Invitational
Heritage Classic,10254
Altron Big Easy Tour 8,10255
16,The Sentry
AfrAsia Bank Mauritius Open,2024105
Saudi Open presented by Public Investment Fund,10250
88,PGA TOUR Q-School presented by Korn Ferry
10246,Bhawani Singh Rathore presents Jaipur Open powered by AU Small Finance Bank
10248,Altron Big Easy Tour 7
2024104,Alfred Dunhill Championship
Promotions Event,23
CGA Championship,10241
10243,51st Thailand Open
10245,E5 - El Jaguar Golf Open Presented by Inmobilia
10242,SSP Chawrasia Invitational presented by TAKE Sports
10235,Golf Nippon Series JT Cup
ISPS Handa Australian Open,2024102
Investec South African Open Championship,2024103
10236,Taiwan Glass Taifong Open
Hero World Challenge #2,550
10238,Kapil Dev - Grant Thornton Invitational presented by DLF
10237,Saudi Aramco Invitational
2024100,Fortinet Australian PGA Championship
10231,24th Singha Thailand Masters
Chongqing Open,10229
Joburg Open,2024101
Casio World Open Golf Tournament,10228
IndianOil Servo Masters Golf,10230
549,The RSM Classic #2
Dunlop Phoenix Tournament,10223
10226,Victorian PGA Championship
10224,BNI Indonesian Masters presented by Tunas Niaga Energi
2023146,DP World Tour Championship
10225,Toyota Tour Championship
Altron Big Easy Tour 6,10227
2023713,DP World Tour Qualifying (Final Stage)
10218,Gippsland Super 6
Butterfield Bermuda Championship #2,548
2023145,Nedbank Golf Challenge
Hong Kong Open,10215
Charles Schwab Cup Championship,539
LG SIGNATURE Players Championship,10217
Mitsui Sumitomo VISA Taiheiyo Masters,10214
10216,PKNS Selangor Masters
V Copa Multimedios,10220
10219,Altron Big Easy Tour 5
Mynavi ABC Championship,10203
10208,Queensland PGA Championship
Jeev Milkha Singh Invitational presented by TAKE Sports,10206
10204,Volvo China Open
World Wide Technology Championship #2,547
Golfzon-Toray OPEN,10205
2023324,Rolex Challenge Tour Grand Final supported by the R&A
9,TimberTech Championship
10207,Vodacom Origins of Golf Finals
Commercial Bank Qatar Masters,2023150
Haryana Open presented by Wonder Cement,10198
Hengdian International Golf Elite Pro-Am,10197
10200,Backsong Holdings-Asiad CC Busan Open
SunBet Challenge hosted by Sun Sibaya,10199
Miami (Team Final—Stroke Play),22
546,ZOZO CHAMPIONSHIP #2
10192,Mitsubishi Electric Fa Golf Open
Dominion Energy Charity Classic,623
2023149,Estrella Damm N.A. Andalucía  Masters
10194,VOG KZN
10193,Webex Players Series SA hosted by Greg Blewett
10195,E3 - Copa SIMSA Patrocinada por Combugas
10191,Delight Works JGTO FINAL
Road to Europe Final,10189
10188,Alps Tour Grand Final Presented by Auralis Limitless Lighting
2023337,Hainan Open
21,Jeddah
609,SAS Championship
acciona Open de España presented by Madrid,2023143
545,Shriners Children's Open #2
CKB WA PGA Championship presented by TX Civil & Logistics,10183
SJM Macao Open,10180
10178,Japan Open Golf Championship
Genesis Championship,10182
The 2nd Indo Masters Golf Invitational presented by TNE,10181
10179,The #1 Tour Final in Golf
44,Constellation FURYK & FRIENDS
2023142,Alfred Dunhill Links Championship
Korn Ferry Tour Championship presented by United Leasing & Finance,45
544,Sanderson Farms Championship #2
Hopps Open de Provence,2023323
WA Open,10174
10173,Hyundai Marine & Fire Insurance KJ Choi Invitational
ACN Championship Golf Tournament,10167
Fortress Invitational,10175
10169,International Series Singapore
Singha Championship,10172
J&K Open presented by J&K Tourism,10171
10170,OB Golf Invitational Presented by Sentul Highlands Golf Club
10168,Ryo Ishikawa everyone PROJECT Challenge
10164,Castanea Resort Championship
Mercuries Taiwan Masters,10157
Vantelin Tokai Classic,10156
10161,Bollineni Panache & Telangana Tourism presents Telangana Golconda Masters
10159,elite grips challenge
10160,OB Golf Championship
Destination Gotland Open,10158
Chicago,20
94,Nationwide Children's Hospital Championship
616,PURE Insurance Championship
Cazoo Open de France,2023140
2023322,Swiss Challenge
iMBank opening,10151
10153,PGA Championship
Panasonic Open Golf Championship,10149
Amanali Classic,10155
Yeangder TPC,10150
10154,Vizag Open
10152,Great Northern Challenge
Fortinet Championship #2,543
Sanford International,23
2023321,Open de Portugal at Royal Óbidos
2023139,BMW PGA Championship
120,Simmons Bank Open for the Snedeker Foundation
BIZPLAY-Electronic Times OPEN,10142
ANA Open Golf Tournament,10141
VOG Western Cape,10143
10144,Hauts de France-Pas de Calais Golf Open
10145,TRUST Forsikring Championship
2023304,Challenge de España
2023138,Horizon Irish Open
625,Ascension Charity Classic
10,Fortinet Cup Championship
Shinhan Donghae Open,10135
10136,Singha Bangkok Open
10134,Guotai Open
10130,Onsjö Open
PGM Challenge,10133
Omega European Masters,2023137
10121,Fujisankei Classic
53,CRMC Championship presented by Gertens
LX Championship,10122
2023320,Indoor Golf Group Challenge
BRG Open Golf Championship Da Nang,10125
FaberExposize Gelpenberg Open,10123
10124,DUNLOP PHOENIX tournament challenge in Fukushima
Gary & Vivienne Player Challenge,10127
The Nordcenter Fream Extreme,10126
2023319,Dormy Open
TOUR Championship,60
St Andrews Bay Championship,10112
CentrePort Canada Rail Park Manitoba Open,6
27,Albertsons Boise Open presented by Chevron
10115,KPGA Gunsan CC Open
Timberwise Finnish Open,10105
10110,Sansan KBC Augusta
The Ally Challenge,22
2023136,D+D Real Czech Masters
10106,Staan Open
10113,BNI Ciputra Golfpreneur Tournament
10114,Coimbatore Open presented by KGiSL
Altron Big Easy Tour 4,10117
ISPS Handa World Invitational presented by AVIV Clinics,2023135
BMW Championship,28
10097,International Series England
Tailor-made Building Services NT PGA Championship,10100
168,Magnit Championship
17,Shaw Charity Classic
Vierumäki Finnish Challenge ,2023318
10099,India Cements Pro Championship
Stippelberg Open,10094
Club de Golf Mexico Invitational,10102
10093,Esbjerg Open by FREJA
10098,The Indonesia Pro-Am presented by Combiphar & Nomura
10101,SunBet Challenge - Time Square
10089,Singha all Thailand Championship
Boeing Classic,619
Farmfoods Scottish Challenge supported by the R&A,2023317
10090,Vodacom Origins of Golf
123,Pinnacle Bank Championship presented by Aetna
27,FedEx St. Jude Championship
19,Bedminster
Wyndham Championship,13
Yokohama Minato Championship ~Fujiki Centennial~,10082
26,Utah Championship presented by Zions Bank
Windsor Championship,46
Mandiri Indonesia Open,10083
British Challenge presented by Modest! Golf Management,2023316
Greenbrier,18
10078,BWT Championship
Altron Big Easy Tour 3,10084
Irish Challenge,2023315
The Senior Open Presented by Rolex,614
525,3M Open
Japan PGA Championship,10075
48,Osprey Valley Open presented by Votorantim Cimentos CBM Aggregates
131,NV5 Invitational presented by Old National Bank
10076,FNB Eswatini Challenge @ Nkonyeni
Abruzzo Alps Open,10070
Miklagard Open,10071
10072,Raiffeisen Pro Golf Tour St. Pölten
22,Price Cutter Charity Championship presented by Dr Pepper
Barracuda Championship,472
100,The Open Championship
Big Green Egg German Challenge powered by VcG,2023314
Commissionaires Ottawa Open,70
10065,Volvo China Open Qualifying
SunBet Challenge - Wild Coast,10067
The Cuber Open,10062
130,The Ascendant presented by Blue
Quebec Open powered by Videotron Business,44
10056,Singha Pattaya Open
507,Kaulig Companies Championship
Tres Vidas Tour Championship,10058
Barbasol Championship,518
541,Genesis Scottish Open
2023313,Euram Bank Open
Fred Olsen Alps de La Gomera,10051
Minami Akita CC Michinoku Challenge Tournament,10055
10057,Altron Big Easy Tour 2
2023130,Made in HimmerLand
John Deere Classic,30
2023312,Italian Challenge Open
ADT - All Thailand Partnership Trophy,10046
17,London
Arlandastad Trophy by Cutter & Buck,10043
10044,Gradi Polish Open by Emeralld
Altron Big Easy Tour 1,10047
2023129,Betfred British Masters
57,Bupa Tour Championship
3,ATB Classic
122,Memorial Health Championship presented by LRS
Shigeo Nagashima INVITATIONAL Sega Sammy Cup,10040
Le Vaudreuil Golf Challenge,2023311
16,Valderrama
524,Rocket Mortgage Classic
512,U.S. Senior Open
Aravell Golf Open by Creand,10034
10035,PGA Championship Landeryd Masters
60,Jalisco Open GDL
34,Travelers Championship
8,DICK'S Sporting Goods Open
166,Compliance Solutions Championship
69,Elk Ridge Saskatchewan Open presented by Brandt
Blot Open de Bretagne,2023310
JAPAN PLAYERS CHAMPIONSHIP by Satosyokuhin,10030
10031,Kolon The 65th Korea Open Golf Championship
2023128,BMW International Open
10024,Tenerife Pro Golf Open
2023309,Kaskáda Golf Challenge
26,U.S. Open
Blue Cross and Blue Shield of Kansas Wichita Open,23
2,Royal Beach Victoria Open presented by Times Colonist
Hana Bank Invitational,10020
Alps de Andalucia,10016
Japan Create Challenge in FukuokaRaizan,10021
10017,Greatdays Trophy
American Family Insurance Championship,622
Singha Chiang Mai Open,10012
Volvo Car Scandinavian Mixed,2023126
BMW Charity Pro-Am presented by TD SYNNEX,37
10011,ASO IIZUKA Challenged Golf Tournament
The 66th KPGA Championship with A-ONE CC,10013
IV Pro - Am Ventanas de San Miguel,10005
32,RBC Canadian Open
Andalucía Challenge de Cádiz,2023308
10008,Croara Alps Open
Landic Challenge 10,10004
10003,Thomas Bjørn Samsø Classic - by Samsø Festival
2023307,D+D Real Czech Challenge
10000,BMW Japan Golf Tour Championship Mori Building Cup
59,Inter Rapidisimo Golf Championship presentado por Volvo
608,Principal Charity Classic
2023125,Porsche European Open
10001,Zhengzhou Open
the Memorial Tournament presented by Workday,23
9996,Open de la Mirabelle d'Or
48,UNC Health Championship presented by STITCH
9992,UNICEF Championship
9993,SunBet Challenge hosted by Sun City
Riedhof Open,9991
21,Charles Schwab Challenge
9984,Gate Way To The Open Mizuno Open
2023124,KLM Open
KitKat Cash & Carry Pro-am,9989
9986,Exciting Hangzhou West Lake Open
9988,KB Finance LIIV Championship
Copenhagen Challenge presented by Ejner Hessel,2023306
DC,15
11,Colombia Classic presentado por Rocha Brothers
520,KitchenAid Senior PGA Championship
Singha Laguna Phuket Open,9987
11,Visit Knoxville Open
9985,Taiheiyo Club Challenge Tournament
Memorial Giorgio Bordoni by AON,9979
9980,Gamle Fredrikstad Open
2023305,B-NL Challenge Trophy
9975,Zanaco Masters
9972,Golf Partner Pro - Am Tournament
33,PGA Championship
Jinan Open,9973
9974,SK Telecom Open
AdventHealth Championship,100
Altozano Open,9976
9970,Stora Hotellet Fjällbacka Open
Regions Tradition,558
2023122,Soudal Open
Guangdong Open,9966
Tulsa,14
Woori Financial Group Championship,9967
19,AT&T Byron Nelson
31st Goesser Open,9962
JAPAN PLAYERS CHAMPIONSHIP CHALLENGE in FUKUI,9965
Skåne Challenge by Ahlsell,9963
FBC Zim Open,9960
The 42nd GS Caltex Maekyung Open Golf Championship,9958
2023328,UAE Challenge
DS Automobiles Italian Open,2023117
KIA Open,22
480,Wells Fargo Championship
Mitsubishi Electric Classic,15
PNG Open,9959
9955,Golfkusten Blekinge by Scandic Hotels
13,Singapore
Insperity Invitational,615
Abu Dhabi Challenge,2023327
8,Diners Club Peru Open
Korea Championship Presented by Genesis,2023121
The Crowns,9950
HomeTown Lenders Championship,134
540,Mexico Open at Vidanta
Bravo Tours Open by Enjoy Resorts,9945
9946,Haugschlag NÖ Open by perfect eagle
Royal Hua Hin Thailand Championship by MENA Tour,9951
12,Adelaide
Invited Celebrity Classic,53
129,LECOM Suncoast Classic
9940,The Tour Championship
2023120,ISPS HANDA - CHAMPIONSHIP
18,Zurich Classic of New Orleans
9939,Golfzon OPEN In Jeju
9938,Singha Classic
Alps de Las Castillas,9934
9937,Ahmedabad Open Golf Championship presented by Glade One
9936,i Golf Shaper Challenge in Chikushigaoka
9942,"Malaysian Swing II, The Els Club, Desaru Coast"
9952,Sand Valley Spring Series Final - by ECCO
9926,International Series Vietnam
137,Veritex Bank Championship
RBC Heritage,12
The 18th DB Insurance Promy Open,9927
9928,Stella Artois Players Championship
9925,Kansai Open Golf Championship
9932,Tata Steel PGTI Players Championship presented by Chandigarh Golf Club
Abierto De Aguascalientes,9930
9922,GEBWELL Championship
9929,"Malaysian Swing I, The Els Club, Desaru Coast"
9921,Sand Valley Polish Masters - by Upgame
9931,EINBAY Red Sea Open
14,Masters Tournament
9920,Delhi-NCR Open
Novil Cup,9919
Little Venice Red Sea Open,9918
JHSF Aberto do Brasil,6
Astara Chile Classic,167
9915,The National Tournament Presented by BMW
11,Orlando
41,Valero Texas Open
Limpopo Championship,9916
Token Homemate Cup,9914
2023326,The Challenge presented by KGA
128,Club Car Championship at The Landings Golf & Athletic Club
Red Sea Egyptian Classic,9909
Roberto de Vicenzo Memorial 100 Years,61
Jonsson Workwear Open,2023119
Corales Puntacana Championship,522
2023325,Duncan Taylor Black Bull Challenge
56,The Galleri Classic
World City Championship presented by Hong Kong Golf Club,9905
Singha all Thailand Memorial,9899
Hoag Classic,573
SDC Championship,2023118
42,Termas de Rio Hondo Invitational
Valspar Championship,475
9900,Play Today NSW Open
Tucson,10
The DGC Open,9897
9901,Red Sea Ain Sokhna Classic
2023114,Magical Kenya Open
9892, International Series Thailand
11,THE PLAYERS Championship
NZ PGA Championship,9893
Mediclinic Invitational,9894
Cologuard Classic,18
9885,102nd NZ Open Presented by Sky Sport
Puerto Rico Open,483
Arnold Palmer Invitational presented by Mastercard,9
9888,Camiral Golf & Wellness Championship
V Copa Prissa,9887
Gujarat Open Golf Championship 2023 presented by Gujarat Tourism,9886
9889,ECCO Tour Spanish Masters
Red Sea Little Venice Open,9884
9,Mayakoba
2023112,Hero Indian Open
9881,"TPS Hunter Valley, Hosted by Jan Stephenson & Peter O'Malley"
9880,Singha E-San Open
10,The Honda Classic
Nelson Mandela Bay Championship,2023303
 GolfStar Winter Series II,9878
9877,Ein Bay Open
Thailand Classic,2023111
9872,International Series Qatar
9873,"TPS Sydney, Presented by Webex, Hosted by Braith Anasta"
2023302,SDC Open
552,Chubb Classic
9874,GolfStar Winter Series I
7,The Genesis Invitational
Dimension Data Pro-Am,2023301
Singapore Classic,2023110
WM Phoenix Open,3
Vic Open,9865
International Series Oman,9863
104,Astara Golf Championship presented by Mastercard
624,Trophy Hassan II
9867,Tabachines Classic
9864,Tata Steel PGTI Players Championship presented by Tollygunge Club
9866,Egyptian Swing 2 at Madinaty Golf Club
9857,TPS Murray River in honour of Jarrod Lyle
5,AT&T Pebble Beach Pro-Am
2023300,Bain's Whisky Cape Town Open
9856,PIF Saudi International powered by Softbank Investment Advisers
The Panama Championship,84
Ras Al Khaimah Championship,2023109
Egyptian Swing 1 at Madinaty Golf Club,9858
9849,TPS Victoria Hosted by Geoff Ogilvy
9848,9th Boonchu Ruangkit Championship
2023108,Hero Dubai Desert Classic
9850,El Campanario Classic
Farmers Insurance Open,4
125,The Bahamas Great Abaco Classic at The Abaco Club
The American Express,2
Abu Dhabi HSBC Championship,2023107
524,Mitsubishi Electric Championship at Hualalai
The Bahamas Great Exuma Classic at Sandals Emerald Bay,124
6,Sony Open in Hawaii
16,Sentry Tournament of Champions
Taifong Open,9838
Chongqing Open,9839
Tata Steel Tour Championship,9837
16,Scotia Wealth Management Chile Open presented by Volvo
AfrAsia Bank Mauritius Open,2023105
CGA Championship,9835
SSP Chawrasia Invitational presented by TAKE,9836
9834,Aramco Invitational
Hainan Open,9828
9830,Gippsland Super 6
Neuquen Argentina Classic,12
2023104,Alfred Dunhill Championship
PIF Saudi Open,9829
9825,MENA Tour Tournament 4
9816,Mitsubishi Electric Open
Investec South African Open Championship,2023103
116 VISA Argentina Open presentado por Macro,13
478,Hero World Challenge
ISPS Handa Australian Open,2023102
9815,Golf Nippon Series JT Cup 
9817,BNI Indonesian Masters presented by Tunas Niaga Energi
9820,MENA Tour Tournament 3
9809,Bangabandhu Cup Golf Bangladesh Open
Joburg Open,2023101
2023100,Fortinet Australian PGA Championship
9811,Dream Valley Group presents Vooty Masters
9808,Casio World Open Golf Tournament
9810,Selangor Masters
9805,23rd Singha Thailand Masters
The RSM Classic,493
9802,Dunlop Phoenix Tournament
DP World Tour Championship,2022143
QLD PGA Championship,9806
9804, IndianOil Servo Masters Golf
Altron Big Easy Tour Final,9807
Charles Schwab Cup Championship,539
9793,Hengdian Championship
9796,LG Signature Players Championship
International Series Egypt,9794
9797, Victorian PGA Championship
Cadence Bank Houston Open,20
2022145,Nedbank Golf Challenge
9792,Mitsui Sumitomo VISA Taiheiyo Masters
Ira presents Telangana Masters powered by Telangana Tourism,9795
International Series Morocco,9786
World Wide Technology Championship at Mayakoba,457
9787,Mynavi ABC Championship
9,TimberTech Championship
PGA Championship,9788
Golfzone-Toray Open,9789
2022330,Rolex Challenge Tour Grand Final supported by The R&A
2022156,Portugal Masters
9782,Heiwa PGM Championship
8,Miami (Team Final—Stroke Play)
9783,Vodacom Origins of Golf Final
528,Butterfield Bermuda Championship
9776,Japan Open Golf Championship
Mallorca Golf Open,2022140
Dominion Energy Charity Classic,623
9778,WA Open Golf Championship
521,THE CJ CUP in South Carolina
Pune Open Golf Championship,9777
Sydbank Road to Europe Final - by Møn Golfresort,9774
The Matchroom Tour Championship ,9773
9779,SunBet Challenge hosted by Sun Sibaya
609,SAS Championship
ZOZO CHAMPIONSHIP,527
Jeev Milkha Singh Invitational presented by TAKE,9768
2022139,Estrella Damm N.A. Andalucía  Masters
9769,Singha Bangkok Open
2022324,English Trophy presented by Rocket Yard Sports Marketing
Jeddah,7
CKB WA PGA Championship presented by TX Civil & Logistics,9770
MoreGolf Mastercard Tour Final at PGA Sweden National,9765
Delight Works JGTO FINAL ,9767
For The Players By The Players,9757
44,Constellation FURYK & FRIENDS
Shriners Children's Open,47
2022341,British Challenge presented by Modest! Golf Management 
acciona Open de España presented by Madrid,2022138
9761,Fortress Invitational
9760,Genesis Championship
Bangkok,6
9754,Emilia Romagna Alps Tour Grand Final
Ryo Ishikawa everyone PROJECT Challenge,9758
Players Championship presented by American Express hosted by Govt of Haryana & Panchkula Golf Club,9759
Race to HimmerLand by FREJA,9755
Altron Big Easy Tour Play Off,9762
Sanderson Farms Championship,54
2022137,Alfred Dunhill Links Championship
Mercuries Taiwan Masters,9748
Hyundai Insurance KJ Choi Invitational,9750
Vantelin Tokai Classic,9745
Hopps Open de Provence,2022327
Vodacom Origins of Golf,9751
Kapil Dev - Grant Thornton Invitational 2022 presented by DLF,9749
9741,Castelconturbia Alps Open
9746,Elite grips challenge
Gumbalde Open by Destination Gotland,9742
Castanea Resort Championship,9743
Panasonic Open Golf Championship,9733
Yeangder TPC,9735
2022136,Cazoo Open de France
616,PURE Insurance Championship
DGB Financial Group Open,9737
2022326,Swiss Challenge
9738,SunBet Challenge hosted by Wild Coast Sun
9736,Combiphar Players Championship
Great Northern Challenge,9732
Wright-Morgan Championship,9731
ISPS HANDA Hero ni nare! Challenge Tournament,9734
464,Fortinet Championship
Sanford International,23
Chicago,5
2022325,Open de Portugal at Royal Óbidos
9726,Bizplay-Electronic Times Open
DS Automobiles Italian Open,2022135
10,Fortinet Cup Championship
ANA Open Golf Tournament,9722
9725,Rajasthan Tourism presents Jaipur Open 2022 powered by AU Small Finance Bank
Vodacom Origins of Golf,9727
OB Golf Invitational presented by Jababeka,9724
The Eagle Orchid Scottish Masters,9718
PGM Challenge,9723
TRUST Forsikring Championship,9719
625,Ascension Charity Classic
9713,The 38th Shinhan Donghae Open
2022134,BMW PGA Championship
9714,J&K Open 2022 presented by J&K Tourism
Gary & Vivienne Player Challenge,9715
9712,BMW Onsjö Open
Spey Valley Golf Resort,9711
Fujisankei Classic,9703
2022133,Made in HimmerLand
GolfBC Championship,39
9706,LX CHAMPIONSHIP
2022323,B-NL Challenge Trophy by Hulencourt
Boston,4
Korn Ferry Tour Championship presented by United Leasing & Finance,45
50th Thailand Open,9702
FaberExposize Gelpenberg Open,9708
9704,DUNLOP PHOENIX tournament challenge in Fukushima
9707,Greatdays Trophy
9705,BRG Open Golf Championship
Altron Big Easy Tour 8,9697
TOUR Championship,60
9679,ALTEPRO Trophy 2022 by EXTEC
Omega European Masters,2022132
53,CRMC Championship presented by Gertens
The Ally Challenge,22
9686,Bodyfriend Phantom Rovo Gunsan CC Open
2022322,Indoor Golf Group Challenge
9682,Sansan KBC Augusta
94,Nationwide Children's Hospital Championship
BNI Ciputra Golfpreneur Tournament ADT 2022,9684
Vodacom Origins of Golf Highland Gate,9685
9683,IMPIGER TECHNOLOGIES presents CHENNAI OPEN GOLF CHAMPIONSHIP 2022 powered by FRUITNIK ELECTRO+
9678,The Northern Ireland Masters
CentrePort Canada Rail Park Manitoba Open,6
D+D Real Czech Masters,2022131
27,Albertsons Boise Open presented by Chevron
2022321,Dormy Open
8,DICK'S Sporting Goods Open
Shenyang International Open,9671
BMW Championship,28
Singha Chiang Mai Open ,9668
9669,International Series Korea
Shigeo Nagashima INVITATIONAL Sega Sammy Cup,9667
9672,Esbjerg Open by Totalenergies
9674,TATA Steel PGTI Players Championship 2022 presented by KGISL
9673,SunBet Challenge hosted by Time Square Casino
9670,The 2nd Gunung Geulis Golf Invitational supported by Nomura
Boeing Classic,619
9656,International Series Singapore
The 4th Woosung Construction Open,9654
123,Pinnacle Bank Championship presented by Aetna
2022130,ISPS Handa World Invitational presented by AVIV Clinics
2022320,Frederikshavn Challenge - Presented by HESSEL
27,FedEx St. Jude Championship
Timberwise Finnish Open,9658
9657,The Lancer Scott Championship
Richter+Frenzel Open 2022 ,9659
9642,Mandiri Indonesia Open 2022
Wyndham Championship,13
Vodacom Origins of Golf,9647
Vierumäki Finnish Challenge,2022319
9640,Japan PGA Championship 2022
Göteborg Open presented by Enkla Elbolaget,9646
17,Shaw Charity Classic
Quebec Open,44
2022129,Cazoo Open supported by Gareth Bale
The Dell Technologies Championship,9645
26,Utah Championship presented by Zions Bank
9636,Minami Akita Country Club Michinoku Challenge Tournament
Singha Championship 2022,9633
Irish Challenge,2022318
9635,Holtsmark Open
524,Rocket Mortgage Classic
2022128,Hero Open
Sotheby's International Realty Canada Ontario Open,54
9634,The Q Hotels Collection Championship
3,Bedminster
FNB Eswatini Nkonyeni Challenge,9637
9626,Roma Alps Open 2022
Big Green Egg German Challenge powered by VcG,2022317
9627,GLAL.UK Worcestershire Masters
525,3M Open
48,Osprey Valley Open presented by Votorantim Cimentos CBM Aggregates
22,Price Cutter Charity Championship presented by Dr Pepper
9628,JAPAN PLAYERS CHAMPIONSHIP CHALLENGE in FUKUI 2022
The Senior Open Championship presented by Rolex,614
Cazoo Classic,2022127
9625,Singha Pattaya Open 2022
9616,Fred Olsen Alps de La Gomera 2022
9617,CPG Classic - England & Wales Blind Golf
100,The Open Championship
Euram Bank Open,2022316
9619,Altron Big Easy Tour 7
Barracuda Championship,472
Weihenstephan Open 2022,9618
122,Memorial Health Championship presented by LRS
Barbasol Championship,518
2022315,Le Vaudreuil Golf Challenge
Altron Big Easy Tour 6,9609
Hangzhou International Championship,9606
541,Genesis Scottish Open
Alps de Las Castillas 2022,9607
Bridgestone SENIOR PLAYERS Championship,507
PGA Championship Landeryd Masters,9599
Hauts de France-Pas de Calais Golf Open 2022,9597
Raiffeisen Pro Golf Tour St. Pölten 2022,9600
The PDC Golf Championship,9598
2022122,Horizon Irish Open
2,Portland
130,The Ascendant presented by Blue
Prince Edward Island Open presented by IMP Solutions,52
John Deere Classic,30
2022314,Italian Challenge Open
9595,Asiad CC Busan Open
9601,Altron Big Easy Tour 5
Blot Open de Bretagne,2022313
9585,Alps de Andalucia 2022
57,Bupa Tour Championship
512,U.S. Senior Open Championship
34,Travelers Championship
Altron Big Easy Tour 4,9590
2022121,BMW International Open
9580,Kolon The 64th Korea Open
9577,JAPAN PLAYERS CHAMPIONSHIP by Sato Shokuhin
9584,Singha all Thailand Premier Championship 2022
Gradi Polish Open 2022,9588
Daisendori Cup,9589
9587,UNICEF Championship
The Bendac Championship,9586
136,Live and Work in Maine Open
9569,IFX Payments Championship
2022312,Kaskáda Golf Challenge
Altron Big Easy Tour 3,9572
9568,Aravell Golf Open by Credit Andorra 2022
9570,Junet Open presented by Alexander Björk
Hana Bank Invitational,9565
3,ATB Classic presented by Volvo Edmonton
Wichita Open Benefitting KU Wichita Pediatrics,23
9571,Japan Create Challenge in FukuokaRaizan
26,U.S. Open
Indo Masters Golf Invitational presented by TNE,9567
American Family Insurance Championship,622
9556,LANDIC CHALLENGE 9
Open de la Mirabelle d'Or 2022,9558
9561,OB Golf Invitational
9555,ASO IIZUKA Challenged Golf Tournament
BMW Charity Pro-Am presented by TD SYNNEX,37
32,RBC Canadian Open
Empordà Challenge,2022311
9560,Thomas Bjorn Samso Classic - by Samso Festival
65TH KPGA CHAMPIONSHIP WITH A-ONE CC,9557
9553,KitKat Group PROAM
11,Fortox Colombia Classic
Volvo Car Scandinavian Mixed,2022119
Altron Big Easy Tour 2 - Huddle Park Golf Club,9554
The World Snooker & Jessie May Champs,9559
1,London
SK Telecom Open 2022,9542
59,Volvo Golf Championship by Seguros del Estado
608,Principal Charity Classic
9538,BMW Japan Golf Tour Championship Mori Building Cup
D+D REAL Czech Challenge,2022310
9546,Thisted Forsikring Championship
9540,International Series England
48,REX Hospital Open
2022118,Porsche European Open
9544,SunBet Challenge hosted by Sun City
2,Royal Beach Victoria Open presented by Times Colonist
the Memorial Tournament presented by Workday,23
The Ignis Management Championship,9545
Taiheiyo Club Challenge Tournament,9535
Farmfoods Scottish Challenge supported by The R&A,2022309
Sishen Classic,9526
9528,KB FINANCE LIIV CHAMPIONSHIP
Dutch Open,2022117
Gate Way To The Open Mizuno Open,9524
Moss & Rygge Open,9533
21,Charles Schwab Challenge
131,NV5 Invitational presented by Old National Bank
9532,Cubefunder Shootout
520,KitchenAid Senior PGA Championship
9531,Memorial Giorgio Bordoni 2022
9530,Singha Laguna Phuket Open 2022
9520,Stora Hotellet Fjällbacka Open
33,PGA Championship
FBC Zim Open,9517
9515,Golf Partner Pro-Am Tournament 2022
2022307,Challenge de España 
AdventHealth Championship,100
Blue Canyon Open,9519
9505,Asia Pacific Open Golf Championship Diamond Cup Golf
19,AT&T Byron Nelson
2022115,Soudal Open
30th Goesser Open 2022,9508
Blue Canyon Classic,9511
Regions Tradition,558
9513,Lombard Insurance Classic
Laguna Phuket Cup,9510
9512,Altron Big Easy Tour 1 - Blue Valley
9507,Woori Financial Group Championship
11,Visit Knoxville Open
Rewell Elisefarm Challenge,9509
120,Simmons Bank Open for the Snedeker Foundation
9501,Barncancerfonden Open presented by Ahlsell
Quito Open,22
2021 Tailor-made Building Services NT PGA Championship,9500
480,Wells Fargo Championship
Betfred British Masters hosted by Danny Willett,2022114
Molinetto Alps Open 2022,9502
9499,Laguna Phuket Challenge
Mitsubishi Electric Classic,15
9496,The 41st GS Caltex Maekyung Open
The Tour Championship,9487
The Crowns,9485
9491,Singha Classic 2022
9492,Haugschlag NÖ Open by perfect eagle 2022
540,Mexico Open at Vidanta
9490,2021 Nexus Advisernet WA Open
Huntsville Championship,134
Catalunya Championship,2022151
Bravo Tours Open by Enjoy Resorts,9488
8,Diners Club Peru Open presented by Volvo
Insperity Invitational,615
JHSF Aberto do Brasil,6
ISPS Handa Championship in Spain,2022149
9482,i Golf Shaper Challenge in Chikushigaoka
Stella Artois Players Championship,9477
2021 CKB WA PGA Championship presented by TX Civil & Logistics,9479
9481,Red Sea Egyptian Classic 2022
ClubCorp Classic,53
9476,ISPS HANDA Championship in JAPAN
9480,Prometheus School presents Delhi-NCR Open 2022
9467,Kansai Open Golf Championship
9471,TATA Steel PGTI Players Championship 2022 presented by Chandigarh Golf Club
17TH BD DAMAGE INSURANCE PROMY OPEN,9470
9472,Abruzzo Alps Open 2022
Red Sea Ain Sokhna Classic 2022,9473
Trust Golf Asian Mixed Stableford Challenge,9469
RBC Heritage,12
137,Veritex Bank Championship
The Masters,14
9465,Singha all Thailand Memorial 2022
Novil Cup,9463
Trust Golf Asian Mixed Cup,9462
9464,The National PGA Classic
Gurugram Challenge 2022 Tata Steel PGT-ADT hosted by Classic Golf & Country Club,9459
41,Valero Texas Open
90 Abierto del Centro memorial Eduardo Gato Romero ptdo por Telecom,15
9456,Token Homemate Cup 2022
Rapiscan Systems Classic,11
2022305,Limpopo Championship
128,Club Car Championship at The Landings Club
The DGC Open presented by Mastercard,9452
9451,Allegria Open 2022
9453,Winter Series Golf Nazionale
42,Termas de Rio Hondo Invitational
2022106,Commercial Bank Qatar Masters
NewGiza Pyramids Challenge 2022,9454
SDC Open,2022303
Lake Charles Championship,135
Corales Puntacana Championship,522
Steyn City Championship,2022147
Valspar Championship,475
9440,Golf Challenge NSW Open
9443,Winter Series Terre dei Consoli
Dreamland Pyramids Classic 2022,9444
Chitimacha Louisiana Open presented by MISTRAS,36
TATA Steel PGTI Players Championship 2022 presented by Tollygunge Club,9442
11,THE PLAYERS Championship
9437,Mujib Borsho Chattogram Open 2022
9436,"TPS Hunter Valley, Hosted by Jan Stephenson & Peter O'Malley"
MyGolfLife Open hosted by Pecanwood,2022146
"TPS Sydney, Hosted by Braith Anasta",9428
PGA Catalunya Resort Championship,9433
9426,International Series Thailand
Hoag Classic,573
Glade One Masters 2022,9429
Magical Kenya Open,2022108
9432,New Giza Open 2022
9431,ECCO Tour Spanish Masters - by DAT
2022304,Mangaung Open
Red Dea Little Venice Open 2022,9430
Puerto Rico Open,483
Arnold Palmer Invitational presented by Mastercard,9
9419,Ein Bay Open 2022
9421,GolfStar Winter Series II
Gujarat Open Golf Championship 2022 presented by Gujarat Tourism,9422
Cologuard Classic,18
9417,Royal's Cup 2022
Jonsson Workwear Open,2022302
10,The Honda Classic
Bain's Whisky Cape Town Open,2022301
552,Chubb Classic
Estrella del Mar Open 2022,21
7,The Genesis Invitational
TPS Murray River in honour of Jarrod Lyle,9415
9420,GolfStar Winter Series I
129,LECOM Suncoast Classic
9410,Singha E-San Open
104,Astara Golf Championship presented by Mastercard
2022300,Dimension Data Pro-Am
WM Phoenix Open,3
Ras al Khaimah Classic ,2022148
Vic Open,9409
9402,PIF Saudi International powered by SoftBank Investment Advisers
The Panama Championship,84
TPS Victoria Hosted by Geoff Ogilvy,9403
Ras al Khaimah Championship presented by Phoenix Capital,2022105
5,AT&T Pebble Beach Pro-Am
9398,Vodacom Origins of Golf Final
2022104,Slync.io Dubai Desert Classic
Boonchu Ruangkit Championship 2022,9397
Farmers Insurance Open,4
125,The Bahamas Great Abaco Classic at The Abaco Club
9392,Queensland PGA Championship
The American Express,2
Abu Dhabi HSBC Championship,2022103
SMBC Singapore Open,9391
524,Mitsubishi Electric Championship at Hualalai
The Bahamas Great Exuma Classic at Sandals Emerald Bay,124
6,Sony Open in Hawaii
Fortinet Australian PGA Championship,9383
The Singapore International,9380
16,Sentry Tournament of Champions
9373,Gippsland Super 6
Tata Steel Tour Championship,9376
9375,22nd Singha Thailand Masters
Volvo China Open,9374
Victorian PGA Championship,9371
Big Easy Tour Champs,9372
16,Scotia Wealth Management Chile Open presented by Volvo
115 VISA Argentine Open presented by Macro,13
478,Hero World Challenge
Pune Open Golf Championship 202,9367
9362,SA Open Championship
9365,Golf Nippon Series JT Cup
9366,Laguna Phuket Championship 2021
Casio World Open,9358
9361,ICC RCGC Open Golf Championship 2021 powered by Urbana
Joburg Open,2022100
Blue Canyon Phuket Championship 2021,9359
Singha Chiang Mai Open 2021,9355
The RSM Classic,493
9356,IndianOil Servo Masters Golf 2021
9354,Dunlop Phoenix
"DP WORLD TOUR CHAMPIONSHIP, DUBAI",2021143
Big Easy Play Off 2,9357
9347,Mitsui Sumitomo VISA Taiheiyo Masters
Hewlett Packard Enterprise Houston Open,20
9348,Singha Classic 2021
Jeev Milkha Singh Invitational 2021 presented by TAKE,9349
Big Easy Play Off 1,9350
Charles Schwab Cup Championship,47
AVIV Dubai Championship,2021157
9337,Mynavi ABC Championship
2021156,Portugal Masters
PGA Championship,9338
LG SIGNATURE Players Championship,9340
2021324,Rolex Challenge Tour Grand Final supported by The R&A
50,TimberTech Championship
World Wide Technology Championship at Mayakoba,457
Hengdian Championship,9341
Big Easy Road to #18 Modderfontein Golf Club,9343
Singha E-San Open 2021,9342
9334,Big Easy Road to #17 Pecanwood Country Club
528,Butterfield Bermuda Championship
9333,Thailand Open 2021
9332,ISPS HANDA Gatsu-n to tobase Tour tournament
2021155,Mallorca Golf Open
9324,Blair Atholl Championship delivered by The Courier Guy
Hana Bank Invitational,9326
9328,The Matchroom Tour Championship
9330,Delight Works JGTO FINAL
Singha Pattaya Open 2021,9327
Dominion Energy Charity Classic,46
9329,Road to Europe Tour Final
ZOZO CHAMPIONSHIP,527
2021337,Challenge Costa Brava
9320,Emilia-Romagna Alps Tour Grand Final
2021336,Empordà Challenge
Jaipur Open,9319
MoreGolf Mastercard Tour Final at PGA Sweden National,9318
521,THE CJ CUP @ SUMMIT
9316,Japan Open Golf Championship
SAS Championship,45
2021137,Estrella Damm N.A. Andalucía Masters
9312,Genesis Championship
Shriners Children's Open,47
Golf Nazionale Alps Open,9307
Singha Laguna Phuket Open,9310
44,Constellation FURYK & FRIENDS
Race to HimmerLand by FREJA,9308
Castanea Resort Championship,9309
ACCIONA Open de España,2021136
9304,Bridgestone Open
9305,Ryo Ishikawa everyone PROJECT Challenge
TATA Steel PGTI MP Cup 2021 presented by Delhi Golf Club supported by Just In Time Sports Foundation,9311
9299,Vodacom Origins of Golf - Humewood
Sanderson Farms Championship,54
9296,Hyundai Insurance KJ Choi Invitational
2021321,Swiss Challenge
9297,Visby Open by Destination Gotland
Big Easy Road to #16 Services,9300
9298,TI Challenge in Tojonomori
Vantelin Tokai Classic,9294
Alfred Dunhill Links Championship,2021135
2021320,Open de Portugal at Royal Óbidos
9289,Big Easy Road to #15 Riviera on Vaal
PURE Insurance Championship,43
9283,Panasonic Open
ISPS HANDA Hero ni nare! Challenge Tournament,9285
9288,Singha all Thailand Championship 2021
464,Fortinet Championship
Vodacom Origins of Golf - Mt Edgecombe,9278
9275,Castletown Golf Links
Hopps Open de Provence,2021327
ANA Open,9271
Great Northern Challenge,9276
Dutch Open,2021133
J&K Open 2021 presented by J&K Tourism,9274
PGM Challenge,9277
9273,2021 DGB Financial Group Irvine Open
Big Green Egg German Challenge powered by VcG,2021319
9265,The 37th Shinhan Donghae Open
2021132,BMW PGA CHAMPIONSHIP
TRUST Forsikring Championship,9267
The Motocaddy Masters,9268
9269,TATA Steel PGTI Players Championship 2021 presented by Govt. of Haryana & Panchkula Golf Club
9264,Sunshine Tour Invitational
Alps de Andalucia,9266
625,Ascension Charity Classic
64,Forme Tour Championship
BIZPLAY-Electronic Times OPEN,9252
The Studley Wood Championship,9255
9250,Fujisankei Classic
British Challenge Presented by Modest! Golf Management,2021318
TOUR Championship,60
9254,Golconda Masters Telangana Open 2021 presented by Vooty & Haldi
9257,FaberExposize Gelpenberg Open 2021
9256,Timberwise Finnish Open
2021131,DS Automobiles Italian Open
Korn Ferry Tour Championship presented by United Leasing & Finance,154
Big Easy Road to #14 ERPM Golf Club,9258
68,Rolling Green Championship
41,The Ally Challenge
Omega European Masters,2021130
B-NL Challenge Trophy,2021317
BMW Championship,28
153,Nationwide Children's Hospital Championship
Big Easy Road to # 13 Centurion Country Club,9246
9243,Thisted Forsikring Championship
ALTEPRO Trophy 2021,9244
9240,Sansan KBC Augusta
Vodacom Origins of Golf - Sishen,9245
Bråviken Open,9236
D+D Real Czech Masters,2021129
9234,SunBet Challenge hosted by Time Square Casino
Boeing Classic,619
152,Albertsons Boise Open presented by Chevron
9233,Shigeo Nagashima Invitational Sega Sammy Cup
Starnberg Open 2021,9229
THE NORTHERN TRUST,27
9226,Gosser Open
9228,PGA Championship Landeryd Masters
9227,NI Masters hosted by Jonathan Caldwell
Forme Open at TPC River's Bend,63
2021330,Sydbank Esbjerg Challenge
Wolf Open,9221
17,Shaw Charity Classic
9220,The Cubefunder Championship
2021128,Cazoo Classic
Pinnacle Bank Championship presented by Aetna,151
Wyndham Championship,13
9219,The 64th KPGA Championship with A-ONE CC
2021315,Made in Esbjerg Challenge – Presented by FREJA & Total
67,The Fuzzy Zoeller Classic at Covered Bridge Golf Club
Barracuda Championship,472
Utah Championship presented by Zions Bank,150
Hero Open,2021126
9209,Frederikshavn Championship - Presented by Sydbank
9211,Vodacom Origins of Golf - De Zalze
9208,Nokia Masters
Vierumäki Finnish Challenge,2021314
World Golf Championships-FedEx St. Jude Invitational,476
9201,Göteborg Open presented by Enkla Elbolaget
Olympic Men's Golf Competition,519
ISPS HANDA World Invitational presented by Modest! Golf Management,2021124
9200,PDC Championship
Minami Akita CC Michinoku Challenge,9203
Birck Boilermaker Classic,66
AUDI Finnish PGA Golf Tour Championship,9197
9195,Orida Championship
Bupa Championship presented by Volvo,57
525,3M Open
Raiffeisen Pro Golf Tour St. Pölten,9196
149,Price Cutter Charity Championship presented by Dr Pepper
2021123,Cazoo Open supported by Gareth Bale
2021313,Italian Challenge
Bolingbrook Golf Club Invitational,62
Barbasol Championship,518
THE WRIGHT-MORGAN CHAMPIONSHIP,8192
2021312,Euram Bank Open
148,Memorial Health Championship presented by LRS
100,The Open Championship
Roma Alps Open,8191
8186,Woosung Construction Aramir CC Busan-Gyeongnam Open
147,TPC Colorado Championship at Heron Lakes
8185,JAPAN PLAYERS CHAMPIONSHIP CHALLENGE
512,U.S. Senior Open Championship
Live it Katrineholm Open hosted by Robert Karlsson,8183
John Deere Classic,30
2021121,abrdn Scottish Open
Alps de Las Castillas,8182
Le Vaudreuil Golf Challenge,2021311
Gradi Polish Open by Emeralld 2021,8175
2021310,Kaskáda Golf Challenge
Japan PGA Championship,8171
524,Rocket Mortgage Classic
8,DICK'S Sporting Goods Open
Junet Open presented by Alexander Björk,8174
2021120,Dubai Duty Free Irish Open
8177,GLAL.UK Worcestershire Masters Hosted by The Vale
61,Auburn University Club Invitational
BMW International Open,2021119
The Eagle Orchid Scottish Masters,8165
136,Live and Work in Maine Open
34,Travelers Championship
Bridgestone SENIOR PLAYERS Championship,39
Daisendori Cup,8162
Halmstad Challenge by Padelpitch,8164
Banco del Pacifico Open,22
8161,Dunlop SRIXON Fukushima Open
Open de Bretagne,2021309
8163,Kolon the 63rd Korea Open
L&J Golf Championship at Jennings Mill Country Club,65
U.S. Open #2,535
Memorial Giorgio Bordoni by AON,8149
146,Wichita Open Benefitting KU Wichita Pediatrics
8154,Samsø Pro-Am Classic - by Samsø Festival
8148,Xian Classic
11,Holcim Colombia Classic presented by Volvo
The Cumberwell Park Championship,8150
Japan Create Challenge in FukuokaRaizan,8151
2021304,Challenge de España 
Palmetto Championship at Congaree,538
American Family Insurance Championship,622
8140,Open International de la Mirabelle d'Or
Scandinavian Mixed Hosted by Henrik & Annika,2021117
56,The Club at Weston Hills Open
Wuhan Classic,8139
Jyske Bank Championship,8142
SK telecom OPEN 2021,8137
Landic Challenge 8,8143
BMW Charity Pro-Am presented by SYNNEX Corporation,37
Challenge de Cadiz,2021307
The Jessie May World Snooker Golf Champs,8141
8129,SunBet Challenge hosted by Sun City
Dreamland Pyramids Classic 2021,8128
608,Principal Charity Classic
2021306,D+D REAL Czech Challenge
48,REX Hospital Open
2021116,Porsche European Open
the Memorial Tournament presented by Nationwide,23
Lanhai Classic,8126
JGTC Mori Building Cup Shishido Hills,8123
Big Easy Road to # 12 - Modderfontein Golf Club,8130
Stockholm Trophy presented by Greatdays,8127
2021115,Made in HimmerLand presented by FREJA
8117,THE IFX CHAMPIONSHIP
8112,Gate Way To The Open Mizuno Open
Irish Challenge,2021305
Evans Scholars Invitational presented by First Midwest Bank,145
8116,Zhengzhou Classic
Big Easy Road To #11 Pecanwood,8114
Red Sea Little Venice Open,8115
8119,KB Finance Liiv Championship
520,KitchenAid Senior PGA Championship
8113,Taiheiyo Club Challenge Tournament
21,Charles Schwab Challenge
NewGiza Pyramids Challenge 2021,8118
8105,TanumStrand Fjällbacka Open
8104,Ein Bay Open
33,PGA Championship
AdventHealth Championship,100
Golf Partner Pro-Am Tournament,8107
2021329,Dormy Open
19,AT&T Byron Nelson
8097,Made in HimmerLand by Enjoy Resorts
11,Visit Knoxville Open
2021328,Range Servant Challenge by Hinton Golf
Asia Pacific Diamond Cup Golf,8100
Mitsubishi Electric Classic,15
Nanshan Open,8101
Betfred British Masters hosted by Danny Willett,2021113
2021300,Dimension Data Pro-Am
8090,Lindbytvätten Grand Opening
2021153,Canary Islands Championship
120,Simmons Bank Open for the Snedeker Foundation
Regions Tradition,558
The 40th GS Caltex Maekyung Open,8094
JAPAN PLAYERS CHAMPIONSHIP by Sato Shokuhin,8093
480,Wells Fargo Championship
8081,Antognolla Alps Open
Huntsville Championship,134
Boao Classic,8086
8082,Haugschlag NÖ Open by perfect eagle 2021
Tenerife Open,2021109
The Crowns,8085
KPGA Gunsan CC Open,8087
Valspar Championship,475
Bain's Whisky Cape Town Open,2021301
Insperity Invitational,615
Big Easy Road to # 10 - Wingate Park Country Club,8078
8076,Kansai Open Golf Championship
Abruzzo Alps Open,8071
Gran Canaria Lopesan Open,2021110
137,Veritex Bank Championship
8072,PGA Catalunya Resort Championship
Sanya Classic,8077
Limpopo Championship,2021302
8073,Red Sea Ain Sokhna Classic 2021
8067,i Golf Shaper Challenge in Chikushigaoka
8068,The 16th DB Insurance Promy Open
ECCO Spanish Masters,8062
Red Sea Egyptian Classic 2021,8063
Token Homemate Cup,8066
MGM Resorts Championship at Paiute,165
Chubb Classic,38
RBC Heritage,12
2021152,Austrian Golf Open
536,The Masters #2
8058,MIRA Live the Soul Open
41,Valero Texas Open
Emerald Coast Classic at Sandestin,164
8059,Big Easy Road to # 9 ERPM Golf Club
Golf Challenge NSW Open Concord Golf Club,8053
MIRA Golf Experience Acaya Open,8052
Serengeti Pro-Am Invitational,8051
61 Abierto Mexicano de Golf,14
Corales Puntacana Resort & Club Championship #2,534
144,Club Car Championship at The Landings Club
8050,Big Easy Road to #8 Pollak Park Golf Club
Kenya Savannah Classic,2021148
2021106,Magical Kenya Open
8043,Gauteng Championship presented by BETWAY
Chitimacha Louisiana Open presented by MISTRAS,36
10,The Honda Classic
Prometheus School presents Delhi-NCR Open 2021,8042
2021105,Commercial Bank Qatar Masters
11,THE PLAYERS Championship
8041,2021 Isuzu Queensland Open Pelican Waters Golf Club
Players Championship hosted at Dainfern Golf Estate,8039
8034,"TPS Sydney, Hosted by Braith Anasta"
8037,Big Easy Road To #7 Krugersdrp
Arnold Palmer Invitational presented by Mastercard,9
8036,Boonchu Ruangkit Championship
Kit Kat Group PROAM,8035
473,World Golf Championships-Workday Championship at The Concession
8032,Glade One Masters 2021
Big Easy Road to # 6 - Centurion Country Club,8030
Cologuard Classic,37
Puerto Rico Open,483
LECOM Suncoast Classic,143
8028,Gujarat Open Golf Championship 2021 presented by Gujarat Tourism
7,The Genesis Invitational
8025,Moonah Links PGA Classic
5,AT&T Pebble Beach Pro-Am
Victorian PGA Championship Moonah Links Resort,8023
Waste Management Phoenix Open,3
Saudi International powered by SoftBank Investment Advisers,2021103
8020,"TPS Victoria, Hosted by Geoff Ogilvy"
Omega Dubai Desert Classic,2021102
Farmers Insurance Open,4
8017,Big Easy Road To #5 Copperleaf
The American Express,2
Abu Dhabi HSBC Championship,2021101
36,Mitsubishi Electric Championship at Hualalai
6,Sony Open in Hawaii
16,Sentry Tournament of Champions
9,Puerto Plata Open
Tata Steel Tour Championship,8006
Volvo China Open,8004
2020098,"DP World Tour Championship, Dubai"
Shell Open,52
8001,Jeev Milkha Singh Invitational 2020 presented by TAKE
Golf Nippon Series JT Cup,7999
South African Open,2020105
457,Mayakoba Golf Classic presented by UNIFIN
8000,Big Easy Road to # 4 - Centurion
2020106,Golf in Dubai Championship presented by DP World
2020104,Alfred Dunhill Championship
7995,Big Easy Road To #3 Reading
Joburg Open,2020103
The RSM Classic,493
Dunlop Phoenix,7991
Challenge Tour Grand Final,2020762
LOCALiQ Series Championship,51
The Masters,14
7984,Mitsui Sumitomo VISA Taiheiyo Masters
Tata Steel PGTI Players Championship 2020 presented by Chandigarh Golf Club,7985
Challenge de Cadiz,2020302
Vivint Houston Open,20
Charles Schwab Cup Championship,539
Andalucía Challenge de España,2020301
7978,Time Square Casino Challenge
Aphrodite Hills Cyprus Showdown,2020101
7981,Tata Steel PGTI Players Championship 2020 presented by Panchkula Golf Club
7979,Hangzhou International Championship
7980,LG Signature Players Championship
2020100,Cyprus Open
Bermuda Championship,528
Italy Alps Open,7973
Big Easy Road to # 2 - State Mines,7972
9,TimberTech Championship
7963,Delight Works Challenge
ZOZO CHAMPIONSHIP @ SHERWOOD,527
Big Easy Road To #1 - Services,7967
Tailor-made Building Services NT PGA Championship,7964
Sun Wild Coast Sun Challenge,7965
7968,BIZPLAY-Electronic Times OPEN with TAMEUS CC
Italian Open,2020086
Dominion Energy Charity Classic,623
7957,Japan Open Golf Championship
Nexus Risk WA Open,7958
521,THE CJ CUP @ SHADOW CREEK
Singha Laguna Phuket Open,7959
Scottish Championship,2020102
Lindbytvätten Tour Final by Ekerum Resort,7948
Orange County National Championship presented by Knight 39,142
7946,Ryo Ishikawa everyone PROJECT
609,SAS Championship
Shriners Hospitals for Children Open,47
7947,TX Civil & Logistics WA PGA Championship
7949,Genesis Championship
2020078,BMW PGA Championship
50,Classic at The Club at Weston Hills
Italian Challenge,2020726
7939,Castanea Resort Championship
7937,Alps de Las Castillas
7938,Race to Himmerland by FREJA
128,Savannah Golf Championship
2020060,Aberdeen Standard Investments Scottish Open
Sanderson Farms Championship,54
TI Challenge,7935
7936,Vodacom Championship Reloaded
The Challenge at Harbor Hills,49
Visby Open by Destination Gotland,7927
Vodacom Championship Unlocked,7925
23,Wichita Open Supporting Wichita's Youth
7928,Hyundai Insurance KJ Choi Invitational
Dubai Duty Free Irish Open,2020046
Alps de Andalucia,7926
522,Corales Puntacana Resort & Club Championship
48,Jacksonville Championship
Ledreborg Palace Golf Masters,7918
616,PURE Insurance Championship
PGM Challenge II,7916
21st Singha Thailand Masters,7919
26,U.S. Open
2020750,Open de Portugal at Royal Óbidos
7917,Toscana Alps Open
Evans Scholars Invitational,131
Sanford International,23
7906,Haugschlag NÖ Open by perfect eagle
464,Safeway Open
The 36th Shinhan Donghae Open,7907
7905,Open de la Mirabelle d'Or
2020090,Portugal Masters
Canada Life Series Championship at TPC Toronto,58
TOUR Championship,60
Fujisankei Classic,7895
2020300,Northern Ireland Open supported by The R&A
122,Lincoln Land Championship presented by LRS
7901,Titleist Championship
7897,TanumStrand Fjällbacka Open
2020038,Estrella Damm N.A. Andalucia Masters 
7898,Schladming Dachstein Open 2020 powered by EURAM BANK
7896,Cervino Alps Open
57,Canada Life Series at TPC Toronto: Heathlands Course
The Invitational at Auburn University Club,47
HAZZYS Golf KPGA Open with Ildong Lakes Golf Club,7887
7884,The African Bank Sunshine Tour Championship
7885,V Sport Golf Challenge at PGA Sweden National
ISPS HANDA UK Championship,2020011
ALTEPRO Trophy by EXTEC,7886
BMW Championship,28
Korn Ferry Tour Championship presented by United Leasing & Finance,45
The Classic at Callaway Gardens,46
25,Charles Schwab Series at Ozarks National
94,Nationwide Children's Hospital Championship
Esbjerg Open Presented by Total,7878
THE NORTHERN TRUST,27
7876,Betway Championship
7888,The 39th GS Caltex Maekyung Open Golf Championship
7877,Starnberg Open
2020009,ISPS HANDA Wales Open
24,Charles Schwab Series at Bass Pro Shops Big Cedar Lodge
56,Canada Life Series at Bear Mountain: Valley Course
Gosser Open,7869
Celtic Classic,2020007
Singha Pattaya Open,7871
7870,Landeryd Masters by LiveCaddie
Bridgestone SENIOR PLAYERS Championship,507
Wyndham Championship,13
27,Albertsons Boise Open presented by Kraft Nabisco
45,The Championship at Echelon Golf Club
Canada Life Series at Bear Mountain: Mountain Course,55
7861,63rd KPGA Championship with A-ONE CC
Raiffeisen Pro Golf Tour St. Polten,7860
33,PGA Championship
English Championship,2020005
WinCo Foods Portland Open presented by KraftHeinz,111
Alpharetta Classic,44
123,Pinnacle Bank Championship presented by Aetna
7848,Gradi Polish Open by Emeralld
World Golf Championships-FedEx St. Jude Invitational,476
Hero Open,2020004
7850,PGA Championship Braviken Open
The Ally Challenge,22
Barracuda Championship,472
22,Price Cutter Charity Championship presented by Dr Pepper
525,3M Open
Stockholm Trophy by Folksam,7843
Betfred British Masters hosted by Lee Westwood,2020066
Barseback Resort Masters,7838
the Memorial Tournament presented by Nationwide,23
Euram Bank Open,2020732
141,TPC San Antonio Championship at the Oaks
7832,Thongchai Jaidee Foundation
TPC San Antonio Challenge at the Canyons,140
Austrian Open,2020731
7833,KPGA Gunsan CC Open
533,Workday Charity Open
7828,Katrineholm Open hosted by Robert Karlsson
7827,Woosung Construction Aramir CC Busan Gyeongnam Open
524,Rocket Mortgage Classic
130,TPC Colorado Championship at Heron Lakes
26,Utah Championship presented by Zions Bank
34,Travelers Championship
RBC Heritage,12
139,The King & Bear Classic at World Golf Village
21,Charles Schwab Challenge
Korn Ferry Challenge at TPC Sawgrass,138
0,Maridoe Samaritan Fund Invitational 2.0
7816,PGA Catalunya Resort Championship
Bengal Open Golf Championship,7818
11,THE PLAYERS Championship
7817,Open Bahia Golf Beach
Commercial Bank Qatar Masters,2020022
Arnold Palmer Invitational presented by Mastercard,9
Estrella del Mar Open,21
Hoag Classic,573
Journey to Jordan 2 - Ayla,7813
7810,Bandar Malaysia Open
7812,Open Royal Golf Anfa Mohammedia
Spanish Masters - Powered by DAT,7814
Oman Open,2020020
Lumine Lakes Open,7805
Red Sea Little Venice Open,7803
10,The Honda Classic
El Bosque Mexico Championship by INNOVA,95
Cologuard Classic,18
7801,New Zealand Open presented by Sky Sport
Royal Golf Club Bahrain Open,7806
Lumine Hills Open,7804
7793,Isuzu Queensland Open
7796,Ein Bay Open
7795,Tour Championship
Open Casa Green Golf,7797
World Golf Championships-Mexico Championship,473
Puerto Rico Open,483
The Ghala Open,7798
129,LECOM Suncoast Classic
Coca-Cola QLD PGA Championship,7788
7,The Genesis Invitational
552,Chubb Classic
Dimension Data Pro-Am,2020710
NEWGIZA Open,7790
Open Palmeraie Country Club,7789
Tata Steel PGTI Players Championship presented by Eagleton - The Golf Resort,7791
7784,Golconda Masters Golf Championship 2020 powered by Telangana Tourism
104,Country Club de Bogota Championship
Singha E-San Open,7782
ISPS Handa Vic Open,2020014
Journey to Jordan 1 - Ayla,7783
RAM Cape Town Open,2020708
5,AT&T Pebble Beach Pro-Am
Limpopo Championship,2020706
2020012,Saudi International powered by SoftBank Investment Advisors
Waste Management Phoenix Open,3
84,Panama Championship
624,Morocco Champions
7771,Red Sea Ain Sokhna Classic
Boonchu Ruangkit Championship,7772
Omega Dubai Desert Classic,2020010
Farmers Insurance Open,4
125,The Bahamas Great Abaco Classic at Baha Mar
The American Express,2
Eye of Africa PGA Championship,7767
7768,Red Sea Egyptian Classic
SMBC Singapore Open,7766
2020008,Abu Dhabi HSBC Championship presented by EGA
524,Mitsubishi Electric Championship at Hualalai
The Bahamas Great Exuma Classic at Sandals Emerald Bay,124
2020006,South African Open hosted by the City of Johannesburg
7761,Hong Kong Open
6,Sony Open in Hawaii
16,Sentry Tournament of Champions
Australian PGA Championship,2020003
2020002,AFRASIA BANK Mauritius Open
478,Hero World Challenge
Alfred Dunhill Championship,2020001
2019095,"DP World Tour Championship, Dubai"
The RSM Classic,493
457,Mayakoba Golf Classic
Nedbank Golf Challenge hosted by Gary Player,2019094
Turkish Airlines Open,2019093
Bermuda Championship,528
489,World Golf Championships-HSBC Champions
ZOZO CHAMPIONSHIP,527
2019090,Portugal Masters
2019088,Amundi Open de France
521,THE CJ CUP @ NINE BRIDGES
20,Houston Open
Italian Open,2019086
Mutuactivos Open de España,2019084
Shriners Hospitals for Children Open,47
2019082,Alfred Dunhill Links Championship
464,Safeway Open
Sanderson Farms Championship,54
2019080,BMW PGA Championship
490,A Military Tribute at The Greenbrier
KLM Open,2019078
2019076,Porsche European Open
Korn Ferry Tour Championship presented by United Leasing & Finance,45
Omega European Masters,2019074
27,Albertsons Boise Open presented by Kraft Nabisco
2019072,Scandinavian Invitation
TOUR Championship,60
94,Nationwide Children's Hospital Championship
D+D Real Czech Masters,2019070
BMW Championship,28
THE NORTHERN TRUST,27
WinCo Foods Portland Open presented by KraftHeinz,111
Wyndham Championship,13
Ellie Mae Classic at TPC Stonebrae,99
World Golf Championships-FedEx St. Jude Invitational,476
22,Price Cutter Charity Championship presented by Dr Pepper
Barracuda Championship,472
100,The Open Championship
Barbasol Championship,518
123,Pinnacle Bank Championship presented by Chevrolet
2019060,Aberdeen Standard Investments Scottish Open
130,TPC Colorado Championship at Heron Lakes
John Deere Classic,30
LECOM Health Challenge,118
2019058,Dubai Duty Free Irish Open
525,3M Open
2019056,Estrella Damm N.A. Andalucía Masters hosted by the Sergio Garcia Foundation
524,Rocket Mortgage Classic
26,Utah Championship presented by Zions Bank
BMW International Open,2019054
34,Travelers Championship
23,Wichita Open Supporting Wichita's Youth
26,U.S. Open
122,Lincoln Land Championship presented by LRS
32,RBC Canadian Open
BMW Charity Pro-Am presented by SYNNEX Corporation,37
2019048,Belgian Knockout
48,REX Hospital Open
the Memorial Tournament presented by Nationwide,23
21,Charles Schwab Challenge
Evans Scholars Invitational,131
Made in Denmark presented by FREJA,2019046
33,PGA Championship
Knoxville Open,11
2019042,Betfred British Masters
19,AT&T Byron Nelson
KC Golf Classic,100
120,Nashville Golf Open Benefitting the Snedeker Foundation
480,Wells Fargo Championship
2019040,Volvo China Open
Trophee Hassan II,2019038
Dormie Network Classic at Briggs Ranch,132
RBC Heritage,12
133,Robert Trent Jones Golf Trail Championship
The Masters,14
41,Valero Texas Open
522,Corales Puntacana Resort & Club Championship
128,Savannah Golf Championship
2019031,Hero Indian Open
Chitimacha Louisiana Open presented by MISTRAS,36
Maybank Championship,2019028
Valspar Championship,475
2019026,Magical Kenya Open presented by Absa
11,THE PLAYERS Championship
Arnold Palmer Invitational presented by Mastercard,9
2019024,Commercial Bank Qatar Masters
10,The Honda Classic
Oman Open,2019022
World Golf Championships-Mexico Championship,473
Puerto Rico Open,483
Genesis Open,7
2019018,ISPS Handa World Super 6 Perth
129,LECOM Suncoast Classic
5,AT&T Pebble Beach Pro-Am
84,Panama Championship
2019016,ISPS Handa Vic Open
Saudi International powered by SBIA,2019014
104,Country Club de Bogota Championship
Waste Management Phoenix Open,3
Omega Dubai Desert Classic,2019012
Farmers Insurance Open,4
125,The Bahamas Great Abaco Classic at The Abaco Club
2,Desert Classic
2019010,Abu Dhabi HSBC Championship presented by EGA
The Bahamas Great Exuma Classic at Sandals Emerald Bay,124
6,Sony Open in Hawaii
16,Sentry Tournament of Champions
Alfred Dunhill Championship,2019006
2019004,South African Open hosted by the City of Johannesburg
478,Hero World Challenge
Australian PGA Championship,2019002
Afrasia Bank Mauritius Open at Anahita,2019003
Honma Hong Kong Open presented by Amundi,2019000
2018090,"DP World Tour Championship, Dubai"
The RSM Classic,493
457,Mayakoba Golf Classic
Nedbank Golf Challenge hosted by Gary Player,2018089
2018088,Turkish Airlines Open
Shriners Hospitals for Children Open,47
Sanderson Farms Championship,54
489,World Golf Championships-HSBC Champions
2018084,Andalucia Valderrama Masters hosted by the Sergio Garcia Foundation
521,THE CJ CUP @ NINE BRIDGES
494,CIMB Classic
2018082,Sky Sports British Masters
2018080,Alfred Dunhill Links Championship
464,Safeway Open
TOUR Championship,60
Portugal Masters,2018078
Web.com Tour Championship,45
2018076,KLM Open
27,Albertsons Boise Open presented by Kraft Nabisco
BMW Championship,28
Omega European Masters,2018074
Dell Technologies Championship,505
2018072,Made In Denmark
DAP Championship presented by NewBrick,119
D+D Real Czech Masters,2018070
THE NORTHERN TRUST,27
94,Nationwide Children's Hospital Championship
2018068,Nordea Masters
Wyndham Championship,13
111,WinCo Foods Portland Open presented by Kraft-Heinz
33,PGA Championship
Ellie Mae Classic at TPC Stonebrae,99
476,World Golf Championships-Bridgestone Invitational
2018065,Fiji International presented by Fiji Airways
KC Golf Classic,100
2018062,Porsche European Open
32,RBC Canadian Open
22,Price Cutter Charity Championship presented by Dr Pepper
100,The Open Championship
Barbasol Championship,518
Pinnacle Bank Championship presented by Heartland Chevy Dealers,123
John Deere Classic,30
2018058,Aberdeen Standard Investments Scottish Open
26,Utah Championship presented by Zions Bank
LECOM Health Challenge,118
490,A Military Tribute at The Greenbrier
Dubai Duty Free Irish Open hosted by the Rory Foundation,2018056
Quicken Loans National,471
HNA Open de France,2018054
122,Lincoln Land Championship presented by LRS
34,Travelers Championship
BMW International Open,2018052
23,Wichita Open Supporting Wichita's Youth
26,U.S. Open
112,Rust-Oleum Championship
Shot Clock Masters,2018048
25,FedEx St. Jude Classic
Italian Open,2018046
the Memorial Tournament presented by Nationwide,23
48,Rex Hospital Open
120,Nashville Golf Open Benefitting the Snedeker Foundation
Fort Worth Invitational,21
2018044,BMW PGA Championship
2018042,Belgian Knockout
BMW Charity Pro-Am presented by SYNNEX Corporation,37
19,AT&T Byron Nelson
11,THE PLAYERS Championship
2018040,Rocco Forte Sicilian Open
Knoxville Open,11
480,Wells Fargo Championship
Volvo China Open,2018036
United Leasing & Finance Championship,106
2018034,Trophee Hassan II
North Mississippi Classic,127
41,Valero Texas Open
2018032,Open de España
RBC Heritage,12
14,Masters Tournament
20,Houston Open
128,Savannah Golf Championship
522,Corales Puntacana Resort & Club Championship
Chitimacha Louisiana Open presented by NACHER,36
Arnold Palmer Invitational presented by Mastercard,9
El Bosque Mexico Championship by Innova,95
Valspar Championship,475
2018022,Hero Indian Open
Tshwane Open,2018021
World Golf Championships-Mexico Championship,473
2018018,Commercial Bank Qatar Masters
10,The Honda Classic
2018016,NBO Oman Open
Genesis Open,7
104,Club Colombia Championship
5,AT&T Pebble Beach Pro-Am
Maybank Championship,2018012
Waste Management Phoenix Open,3
84,Panama Championship
Farmers Insurance Open,4
Omega Dubai Desert Classic,2018010
125,The Bahamas Great Abaco Classic at The Abaco Club
2,CareerBuilder Challenge
2018008,Abu Dhabi HSBC Championship presented by EGA
The Bahamas Great Exuma Classic at Sandals Emerald Bay,124
2018004,BMW SA Open hosted by the City of Ekurhuleni
6,Sony Open in Hawaii
16,Sentry Tournament of Champions
Joburg Open,2017098
478,Hero World Challenge
2017097,AfrAsia Bank Mauritius Open
Australian PGA Championship,2017096
UBS Hong Kong Open,2017095
The RSM Classic,493
2017094,"DP World Tour Championship, Dubai"
Nedbank Golf Challenge hosted by Gary Player,2017092
OHL Classic at Mayakoba,457
2017090,Turkish Airlines Open
Shriners Hospitals for Children Open,47
489,World Golf Championships-HSBC Champions
Sanderson Farms Championship,54
521,THE CJ CUP @ NINE BRIDGES
2017086,Andalucia Valderrama Masters hosted by the Sergio Garcia Foundation
494,CIMB Classic
Italian Open,2017084
2017082,Alfred Dunhill Links Championship
464,Safeway Open
Web.com Tour Championship,45
2017080,British Masters supported by Sky Sports
TOUR Championship,60
DAP Championship,119
Portugal Masters,2017078
BMW Championship,28
27,Albertsons Boise Open presented by Kraft Nabisco
2017076,KLM Open
Omega European Masters,2017074
Dell Technologies Championship,505
94,Nationwide Children's Hospital Championship
2017072,D+D REAL Czech Masters
THE NORTHERN TRUST,27
111,WinCo Foods Portland Open presented by Kraft-Heinz
Made In Denmark,2017070
News Sentinel Open presented by Pilot,11
Fiji International,2017068
Wyndham Championship,13
22,Price Cutter Charity Championship presented by Dr Pepper
33,PGA Championship
476,World Golf Championships-Bridgestone Invitational
Ellie Mae Classic at TPC Stonebrae,99
2017060,Porsche European Open
32,RBC Canadian Open
100,Digital Ally Open
Pinnacle Bank Championship presented by Heartland Chevy Dealers,123
100,The Open Championship
Barbasol Championship,518
2017056,Aberdeen Asset Management Scottish Open
John Deere Classic,30
26,Utah Championship presented by Zions Bank
The Greenbrier Classic,490
Dubai Duty Free Irish Open hosted by the Rory Foundation,2017054
LECOM Health Challenge,118
HNA Open de France,2017052
120,Nashville Golf Open Benefitting the Snedeker Foundation
Quicken Loans National,471
34,Travelers Championship
2017050,BMW International Open
Lincoln Land Charity Championship,122
26,U.S. Open
Air Capital Classic Supporting Wichita's Youth,23
112,Rust-Oleum Championship
LYONESS OPEN powered by ORGANIC+,2017046
25,FedEx St. Jude Classic
48,Rex Hospital Open
2017044,Nordea Masters
the Memorial Tournament presented by Nationwide,23
2017042,BMW PGA Championship
DEAN & DELUCA Invitational,21
BMW Charity Pro-Am presented by SYNNEX Corporation,37
2017040,"Rocco Forte Open - Verdura, Sicily"
19,AT&T Byron Nelson
11,THE PLAYERS Championship
2017038,Open de Portugal at Morgado Golf Resort
Corales Puntacana Resort and Club Championship,117
480,Wells Fargo Championship
El Bosque Mexico Championship by Innova,95
2017034,Volvo China Open
41,Valero Texas Open
United Leasing & Finance Championship,106
2017032,Shenzhen International
Trophee Hassan II,2017030
RBC Heritage,12
14,Masters Tournament
20,Shell Houston Open
Puerto Rico Open,483
Chitimacha Louisiana Open presented by NACHER,36
Arnold Palmer Invitational presented by Mastercard,9
2017020,Hero Indian Open
Valspar Championship,475
2017018,Tshwane Open
World Golf Championships-Mexico Championship,473
Joburg Open,2017014
10,The Honda Classic
Genesis Open,7
Panama Claro Championship,84
104,Club Colombia Championship by Servientrega
Maybank Championship,2017010
5,AT&T Pebble Beach Pro-Am
Waste Management Phoenix Open,3
Omega Dubai Desert Classic,2017008
Commercial Bank Qatar Masters,2017006
Farmers Insurance Open,4
125,The Bahamas Great Abaco Classic at The Abaco Club
Abu Dhabi HSBC Championship,2017004
2,CareerBuilder Challenge
BMW SA Open hosted by City of Ekurhuleni,2017002
6,Sony Open in Hawaii
The Bahamas Great Exuma Classic at Sandals Emerald Bay,124
16,SBS Tournament of Champions
